{"messages": {"2297490495-16700": 1762697827.9227555, "1281025780-118914": 1762697828.6126215, "2297490495-16723": 1762762919.1695058, "1281025780-118993": 1762770851.3437822, "2297490495-16771": 1762792545.5839572, "1281025780-119093": 1762799933.8305557, "2213133113-10": 1762844063.1884184, "2297490495-16869": 1762878891.5599158, "2297490495-16862": 1762878891.8491623, "1281025780-119217": 1762878892.5871656, "1281025780-119207": 1762878893.0034084, "1281025780-119219": 1762886302.4650724, "2213133113-50": 1762889382.048735, "2297490495-16874": 1762892231.4874177, "1281025780-119239": 1762929653.3993943, "2213133113-1937": 1762946352.6629603, "1281025780-119264": 1762951869.2722526, "1281025780-119261": 1762951869.526142, "2297490495-16926": 1762956782.6783135, "1281025780-119288": 1762956783.3509214, "1281025780-119276": 1762956783.584361, "2213133113-1926": 1763019701.0173516, "2213133113-1925": 1763019701.2140963, "2213133113-1923": 1763019701.4231353, "2213133113-1921": 1763019701.6343567, "2213133113-1920": 1763019701.84525, "2213133113-1917": 1763019702.0471742, "2297490495-16988": 1763037600.4810882, "2297490495-16977": 1763037600.687178, "2297490495-16971": 1763037600.8950667, "1281025780-119364": 1763037601.4066105, "1281025780-119361": 1763037601.615403, "2297490495-17007": 1763044130.5048423, "2297490495-17005": 1763044130.770335, "2297490495-16991": 1763044131.0624425, "1281025780-119391": 1763044131.8560112, "2297490495-17038": 1763051215.525037, "1281025780-119404": 1763051215.997557}}