{"messages": {"1281025780-114874": 1756747348.8095748, "2213133113-1869": 1756799776.868697, "2213133113-1868": 1756799777.0957847, "2213133113-1866": 1756799777.3094757, "2213133113-1864": 1756799777.5450304, "2213133113-1863": 1756799777.7791107, "1281025780-114918": 1756811955.296082, "2297490495-12840": 1756819048.1098242, "1281025780-114936": 1756819048.923197, "2213133113-1895": 1756820573.0204263, "2297490495-12844": 1756826233.723308, "1281025780-114957": 1756826234.3928719, "1281025780-114967": 1756833205.4386322, "2213133113-50": 1756834264.7877903, "2297490495-12859": 1756840569.9816248, "2297490495-12855": 1756840570.2562547, "2213133113-1891": 1756889087.1798522, "2213133113-1888": 1756889087.3589902, "2213133113-1887": 1756889087.51876, "2297490495-12983": 1756891439.6997616, "1281025780-114980": 1756891440.3221977, "1281025780-114979": 1756891440.5581517, "2297490495-12993": 1756898392.940588, "2297490495-12987": 1756898393.2223432, "1281025780-115010": 1756898393.9543867, "2297490495-13005": 1756905264.570055, "2297490495-13004": 1756905264.7466938, "1281025780-115037": 1756905265.198498, "1281025780-115036": 1756905265.3648832, "1281025780-115035": 1756905265.5323002, "2213133113-1927": 1756965547.8113873, "2213133113-1926": 1756965548.185981, "2213133113-1925": 1756965548.4456668, "2213133113-1923": 1756965548.6499815, "2213133113-1921": 1756965548.8536003, "2213133113-1920": 1756965549.0574994, "2213133113-1917": 1756965549.2772858, "2297490495-13047": 1756977681.7672627, "2213133113-1859": 1756981676.642542, "2213133113-1858": 1756981676.848684, "2213133113-1857": 1756981677.0476146, "2213133113-1856": 1756981677.2511501, "2213133113-1855": 1756981677.4769912, "2213133113-1853": 1756981677.6840448, "2213133113-1850": 1756981677.8955889, "2213133113-1849": 1756981678.138936, "2297490495-13061": 1756984540.3082676, "2297490495-13060": 1756984540.4958694, "1281025780-115082": 1756984540.9931307, "1281025780-115076": 1756984541.1521795, "1281025780-115072": 1756984541.3164117, "2297490495-13078": 1756990952.2241585, "1281025780-115089": 1756990952.747709, "1281025780-115087": 1756990952.921108, "1281025780-115086": 1756990953.1121602, "1281025780-115115": 1757005683.5737684, "2297490495-13092": 1757013389.2364469, "2213133113-23": 1757056500.7461724, "2297490495-13118": 1757229624.5414793, "1281025780-115145": 1757236187.3016317, "2213133113-1915": 1757244290.5641022, "2213133113-1913": 1757244290.7957616, "2213133113-1912": 1757244291.0206604, "2213133113-1910": 1757244291.2720625, "2213133113-1909": 1757244291.4910698, "2213133113-1905": 1757244291.722619, "2213133113-1904": 1757244291.9676945, "2213133113-1903": 1757244292.1974018, "2213133113-1902": 1757244292.4785094, "2213133113-1901": 1757244292.7137687, "2213133113-1899": 1757244292.938025, "2297490495-13143": 1757250715.2348616, "1281025780-115178": 1757250715.8188605, "1281025780-115171": 1757250716.012057, "2297490495-13164": 1757272161.1241803, "1281025780-115212": 1757309166.9320767, "2297490495-13171": 1757315443.2444463, "1281025780-115220": 1757315443.712173, "2297490495-13183": 1757323820.8318985, "2213133113-1880": 1757323822.118971, "2213133113-1879": 1757323822.3468807, "2213133113-1878": 1757323822.5199, "2297490495-13201": 1757330424.038769, "1281025780-115246": 1757330424.8917437, "2297490495-13210": 1757337681.1910696, "1281025780-115260": 1757337681.744087}}