{"messages": {"2297490495-14844": 1760002096.154168, "1281025780-116924": 1760008325.4360306, "1281025780-116960": 1760023311.1045997, "2297490495-14885": 1760094528.501662, "2297490495-14922": 1760260716.9792864, "2297490495-14933": 1760267757.0339649, "1281025780-117025": 1760267757.5971801, "2213133113-1915": 1760271645.7759354, "2213133113-1913": 1760271646.1033857, "2213133113-1910": 1760271646.340891, "2213133113-1909": 1760271646.6297615, "2213133113-1904": 1760271646.8736916, "2213133113-1902": 1760271647.1233215, "2213133113-1899": 1760271647.357128, "1281025780-117042": 1760282614.968926, "1281025780-117041": 1760282615.1885302, "2297490495-14958": 1760296152.806055, "2213133113-1879": 1760352220.8529203, "2297490495-14982": 1760376288.039229, "2213133113-50": 1760467746.3578103, "2213133113-1887": 1760521103.863453, "2213133113-1937": 1760524779.7450147, "2297490495-15038": 1760526791.6599658, "2297490495-15034": 1760526791.855937, "1281025780-117116": 1760526792.4241853, "1281025780-117112": 1760526792.6686566, "1281025780-117129": 1760534243.4006572, "1281025780-117138": 1760541939.155019, "2213133113-1926": 1760599843.2166176, "2213133113-1925": 1760599843.4469604, "2213133113-1923": 1760599843.683777, "2213133113-1921": 1760599843.9187908, "2213133113-1920": 1760599844.1401806, "2213133113-1917": 1760599844.3629956}}