{"messages": {"2297490495-3894": 1744910327.481927, "2297490495-3906": 1745126528.7158341, "2297490495-3905": 1745126528.8707087, "1281025780-106187": 1745126529.3358238, "1281025780-106186": 1745126529.5286114, "2297490495-3909": 1745140034.153023, "1281025780-106200": 1745140034.798619, "1281025780-106219": 1745147243.4202313, "1281025780-106210": 1745147243.579673, "1281025780-106209": 1745147243.7528396, "2297490495-3958": 1745154943.9392757, "2297490495-3951": 1745154944.2235525, "2297490495-3943": 1745154944.5619347, "1281025780-106253": 1745161948.2933, "1281025780-106249": 1745161948.4658253, "2297490495-3978": 1745176784.518509, "2297490495-3977": 1745176784.737078, "1281025780-106277": 1745211648.998033, "1281025780-106276": 1745211649.1922917, "2297490495-3985": 1745213350.764634, "2297490495-3984": 1745213350.9562023, "2297490495-4005": 1745226698.721855, "2297490495-4001": 1745226698.938544, "2297490495-4011": 1745234405.4440866, "1281025780-106310": 1745234406.1165519, "2297490495-4016": 1745241286.6142695, "2297490495-4014": 1745241286.7682242, "1281025780-106333": 1745241287.2318568, "2297490495-4022": 1745249136.8520925, "1281025780-106353": 1745249137.3830004, "1281025780-106352": 1745249137.5484269, "1281025780-106341": 1745249137.709644, "1281025780-106340": 1745249137.8698137, "2297490495-4040": 1745314072.4772775, "1281025780-106388": 1745314073.1314301, "1281025780-106401": 1745320430.7729614, "1281025780-106394": 1745320430.9872823, "2297490495-4055": 1745327279.3444438, "2297490495-4054": 1745327279.519867, "1281025780-106416": 1745327279.9909801, "2213133113-50": 1745329103.1159756, "2213133113-23": 1745329103.3488383, "2213133113-13": 1745329103.6207778, "2213133113-10": 1745329103.8685422, "2213133113-3": 1745329104.1499739, "2297490495-4072": 1745334688.1752028, "1281025780-106431": 1745334688.8164747, "1281025780-106433": 1745341812.0432549, "1281025780-106441": 1745386015.875441, "1281025780-106440": 1745386016.0909145, "2297490495-4091": 1745392381.1599524, "2297490495-4090": 1745392381.371272, "2297490495-4103": 1745399780.409791, "2297490495-4101": 1745399780.596615, "1281025780-106468": 1745399781.3191779, "1281025780-106466": 1745399781.5849206, "1281025780-106462": 1745399781.796691, "2297490495-4130": 1745407409.1648488, "2297490495-4129": 1745407409.4006717, "2297490495-4127": 1745407409.6559885, "1281025780-106492": 1745407410.429021, "1281025780-106490": 1745407410.6431441, "2297490495-4159": 1745414824.1614091, "2297490495-4158": 1745414824.3377495, "2297490495-4156": 1745414824.5290523, "2297490495-4189": 1745428472.2357268, "2297490495-4188": 1745428472.4111667, "2297490495-4186": 1745428472.6311793, "1281025780-106536": 1745428473.1224809, "1281025780-106535": 1745428473.2702467, "2297490495-4194": 1745435676.908975, "2297490495-4207": 1745479101.1716468, "2297490495-4203": 1745479101.336044, "2297490495-4202": 1745479101.4753125, "1281025780-106555": 1745479101.9079661, "2297490495-4210": 1745486201.4668047, "2297490495-4219": 1745493758.403297, "2297490495-4218": 1745493758.6376238, "1281025780-106577": 1745493759.3543046, "2297490495-4225": 1745501302.8305018, "2297490495-4224": 1745501303.0073984, "2297490495-4222": 1745501303.1800785, "1281025780-106603": 1745501303.63059, "1281025780-106620": 1745508406.4273946}}