{"messages": {"1281025780-122629": 1767110418.1126394, "1281025780-122634": 1767112717.1496565, "2213133113-50": 1767127076.7924063, "2297490495-19918": 1767175987.5447862, "2213133113-1937": 1767182255.7373526, "2297490495-19959": 1767190726.696854, "2297490495-19958": 1767190726.8880706, "1281025780-122696": 1767190727.400835, "2297490495-19973": 1767197975.2679842, "1281025780-122723": 1767197975.9304478, "2297490495-19989": 1767212659.0679657, "1281025780-122763": 1767248509.7472878, "2297490495-19998": 1767263588.9572983, "2297490495-20017": 1767272217.2210906, "2297490495-20016": 1767272217.4438465, "2297490495-20015": 1767272217.604172, "2297490495-20014": 1767272217.7659197, "1281025780-122800": 1767277153.6087515, "2297490495-20081": 1767515472.085842, "1281025780-122880": 1767531455.555012, "1281025780-122901": 1767535792.1624708, "2297490495-20148": 1767551549.8577237, "1281025780-122941": 1767593944.966885, "2297490495-20169": 1767609412.5763783, "1281025780-122990": 1767609413.2742426, "2297490495-20185": 1767617037.3755844, "2297490495-20192": 1767623742.222952, "1281025780-123044": 1767623742.925748, "1281025780-123059": 1767629784.9372215, "1281025780-123075": 1767638201.5807564, "2297490495-20217": 1767644853.6395087, "2213133113-10": 1767687535.9044127}}