{"messages": {"1281025780-105617": 1744039055.7790146, "1281025780-105612": 1744039056.014633, "1281025780-105608": 1744039056.2270653, "2297490495-3541": 1744103687.649202, "1281025780-105656": 1744103688.3125932, "1281025780-105652": 1744103688.5363169, "2297490495-3567": 1744111257.370091, "1281025780-105665": 1744111258.0134115, "2297490495-3574": 1744118314.64939, "1281025780-105697": 1744118315.1270308, "1281025780-105687": 1744118315.3146532, "2213133113-50": 1744118315.9487076, "2213133113-23": 1744118316.2081273, "2213133113-13": 1744118316.38594, "2213133113-10": 1744118316.5444708, "2213133113-3": 1744118316.7126412, "2297490495-3582": 1744125356.010186, "1281025780-105709": 1744125356.5163589, "1281025780-105707": 1744125356.6974325, "1281025780-105705": 1744125356.9423652, "1281025780-105719": 1744132777.3855946, "2297490495-3589": 1744139520.1916769, "1281025780-105742": 1744175682.5143094, "1281025780-105741": 1744175682.7282686, "1281025780-105736": 1744175682.94387, "2297490495-3601": 1744189883.8510633, "2297490495-3600": 1744189884.0238488, "2297490495-3599": 1744189884.2186592, "1281025780-105758": 1744189884.8294072, "1281025780-105775": 1744196963.7401526, "1281025780-105767": 1744196963.9060605, "1281025780-105765": 1744196964.0790648, "1281025780-105764": 1744196964.3269815, "2297490495-3631": 1744219460.918703, "2297490495-3628": 1744219461.168073, "2297490495-3637": 1744226177.880842, "2297490495-3638": 1744261950.7852829, "1281025780-105840": 1744261951.199453, "1281025780-105859": 1744277282.2811897, "2297490495-3668": 1744283612.935064, "2297490495-3678": 1744290315.8394654, "2297490495-3677": 1744290316.0091732, "1281025780-105905": 1744290316.4908144, "1281025780-105904": 1744290316.6627586, "2297490495-3679": 1744292185.6117346, "1281025780-105922": 1744298844.9993792, "1281025780-105920": 1744298845.2152638, "1281025780-105915": 1744298845.4249003, "2297490495-3683": 1744305906.057439, "2297490495-3709": 1744348645.162896, "2297490495-3705": 1744348645.3689444, "2297490495-3722": 1744557473.866707, "2297490495-3731": 1744614843.8663783, "2297490495-3739": 1744621796.793154, "2297490495-3737": 1744621797.1154828, "2297490495-3733": 1744621797.3963516, "1281025780-105982": 1744621798.1181529, "2297490495-3764": 1744637132.1452098, "2297490495-3761": 1744637132.3086784, "2297490495-3752": 1744637132.4947288, "1281025780-105994": 1744637132.9068162}}