{"messages": {"1281025780-129217": 1777531087.80798, "2213133113-10": 1778005113.7882981, "2297490495-26682": 1778058660.5795238, "2297490495-26707": 1778072888.7378917, "1281025780-129572": 1778081587.38168, "1281025780-129592": 1778087280.123107, "1281025780-129591": 1778087280.2862725}}