{"messages": {"2297490495-26106": 1777299848.4421248, "1281025780-129038": 1777306004.8288167, "2297490495-26133": 1777358460.765172, "2297490495-26170": 1777367350.3602543, "1281025780-129121": 1777396464.7373192, "2213133113-10": 1777396465.6885064, "1281025780-129156": 1777454794.477462, "1281025780-129217": 1777531087.80798}}