{"messages": {"2297490495-17815": 1764224311.6604352, "1281025780-120269": 1764224312.1318805, "1281025780-120260": 1764224312.289406, "1281025780-120240": 1764224312.45321, "2213133113-1926": 1764230245.5100584, "2213133113-1925": 1764230245.7812078, "2213133113-1923": 1764230246.027203, "2213133113-1921": 1764230246.29448, "2213133113-1920": 1764230246.557993, "2213133113-1917": 1764230246.7879045, "2297490495-17851": 1764239314.5398629, "1281025780-120361": 1764239315.1496458, "2297490495-17879": 1764261056.253442, "2297490495-17878": 1764261056.4488912, "1281025780-120428": 1764311082.7213333, "1281025780-120427": 1764311082.9600813, "1281025780-120391": 1764311083.1878893, "2297490495-17947": 1764507100.6406426, "1281025780-120562": 1764512000.8717241, "2297490495-18068": 1764592700.5964448, "2297490495-18120": 1764607196.02933, "1281025780-120660": 1764607196.6660745, "1281025780-120674": 1764656571.754837, "2213133113-10": 1764660057.6775503, "2297490495-18142": 1764671563.3187222, "1281025780-120707": 1764680219.7231007, "2297490495-18195": 1764693481.99119, "2297490495-18213": 1764699465.6182394, "1281025780-120778": 1764699466.4424832, "2213133113-50": 1764704733.9610724, "2297490495-18250": 1764756702.7681587, "1281025780-120794": 1764756703.315447, "2213133113-1937": 1764762124.4429471, "2297490495-18280": 1764765642.3101597, "2297490495-18269": 1764765642.5180445, "2297490495-18266": 1764765642.7428098, "1281025780-120832": 1764771602.493091, "1281025780-120829": 1764771602.7362835, "1281025780-120817": 1764771602.9920437, "2297490495-18341": 1764793911.7763855}}