{"messages": {"2297490495-25601": 1776347563.3080647, "2297490495-25688": 1776591066.4125466, "2297490495-25699": 1776596680.5159059, "1281025780-128628": 1776619245.0029917, "1281025780-128612": 1776619245.2120302, "1281025780-128602": 1776619245.403059, "1281025780-128650": 1776682527.260983, "2297490495-25792": 1776694135.5703614, "1281025780-128685": 1776694136.179377, "1281025780-128737": 1776749543.4829361, "1281025780-128755": 1776771927.9888585, "1281025780-128754": 1776771928.2084775, "2213133113-10": 1776786764.2058198}}