{"messages": {"2297490495-8560": 1750857981.990627, "2297490495-8556": 1750857982.239306, "1281025780-110296": 1750857982.866109, "1281025780-110303": 1750865182.0478988, "1281025780-110315": 1750872174.8173506, "2297490495-8593": 1750922054.9902062, "2213133113-1859": 1750926964.8098063, "2213133113-1858": 1750926964.9743774, "2213133113-1857": 1750926965.1616478, "2213133113-1856": 1750926965.3228617, "2213133113-1855": 1750926965.550759, "2213133113-1853": 1750926965.786835, "2213133113-1850": 1750926966.0413315, "2213133113-1849": 1750926966.3401678, "2297490495-8612": 1750929977.813757, "2297490495-8600": 1750929978.0760462, "1281025780-110365": 1750929978.765501, "1281025780-110364": 1750929978.9420862, "1281025780-110362": 1750929979.0941906, "1281025780-110361": 1750929979.2491887, "1281025780-110348": 1750929979.5091147, "2297490495-8613": 1750937084.4525027, "1281025780-110385": 1750937085.1870918, "1281025780-110384": 1750937085.4101534, "1281025780-110383": 1750937085.6385806, "1281025780-110377": 1750937085.8921843, "1281025780-110391": 1750943414.1731322, "1281025780-110449": 1751002051.6759908, "1281025780-110448": 1751002051.839187, "1281025780-110462": 1751189099.629644, "1281025780-110488": 1751195614.749405, "2297490495-8689": 1751202415.514859, "1281025780-110524": 1751217768.0215287, "1281025780-110535": 1751260394.315883, "1281025780-110534": 1751260394.4727488, "1281025780-110528": 1751260394.6194627, "2213133113-1880": 1751264894.8514874, "2213133113-1879": 1751264895.0839214, "2213133113-1878": 1751264895.28416, "1281025780-110536": 1751268130.7107606, "1281025780-110563": 1751282335.141027, "1281025780-110619": 1751297048.141615, "1281025780-110618": 1751297048.3859043, "1281025780-110617": 1751297048.576332, "1281025780-110650": 1751346985.8158393, "2213133113-1869": 1751351614.5405972, "2213133113-1868": 1751351614.7055323, "2213133113-1866": 1751351614.8904371, "2213133113-1864": 1751351615.0558712, "2213133113-1863": 1751351615.233612, "1281025780-110661": 1751354789.4739852, "1281025780-110673": 1751362023.208015, "1281025780-110687": 1751368316.170891, "2213133113-1895": 1751368317.03377, "1281025780-110719": 1751382589.3894846, "2213133113-50": 1751384964.1798515, "2213133113-23": 1751384964.4416814, "2213133113-13": 1751384964.686972, "2213133113-10": 1751384964.9123404, "2213133113-1891": 1751441241.0059247, "2213133113-1888": 1751441241.251593, "2213133113-1887": 1751441241.4539967, "2297490495-8793": 1751448199.3979702, "2297490495-8792": 1751448199.6004415, "1281025780-110764": 1751448200.0734653, "1281025780-110763": 1751448200.2448845, "1281025780-110799": 1751461659.7116418}}