{"messages": {"2297490495-27314": 1779123238.1517408, "1281025780-130242": 1779123239.1073997, "1281025780-130287": 1779195080.532494, "2213133113-10": 1779221238.22131, "2297490495-27451": 1779284329.317785, "1281025780-130441": 1779617418.2607982, "1281025780-130482": 1779637090.0715272, "1281025780-130502": 1779712870.708833}}