{"messages": {"2297490495-13626": 1757934528.3039355, "2297490495-13639": 1757941269.3652325, "1281025780-115777": 1757941270.1588502, "2297490495-13650": 1757949501.086041, "1281025780-115799": 1757956026.4392264, "2297490495-13666": 1757963990.5992243, "2297490495-13664": 1757963990.947062, "1281025780-115810": 1758000015.1662507, "1281025780-115806": 1758000015.4164982, "1281025780-115805": 1758000015.639852, "2297490495-13676": 1758007059.9330368, "2297490495-13675": 1758007060.170938, "2297490495-13674": 1758007060.4027588, "2297490495-13712": 1758014934.4374096, "2297490495-13687": 1758014934.6725376, "1281025780-115824": 1758014935.2488592, "1281025780-115822": 1758014935.4567082, "1281025780-115812": 1758014935.6555765, "2297490495-13750": 1758027682.4155588, "2297490495-13741": 1758027682.648622, "2297490495-13739": 1758027682.9052925, "2297490495-13738": 1758027683.168796, "2297490495-13737": 1758027683.4079304, "1281025780-115853": 1758027684.3799605, "2213133113-1895": 1758030547.173836, "1281025780-115872": 1758036320.524052, "1281025780-115890": 1758043011.5390532, "2213133113-50": 1758044686.762535, "2297490495-13796": 1758086630.2511182, "2297490495-13790": 1758086630.5157814, "2213133113-13": 1758087542.1242402, "1281025780-115904": 1758093678.555269, "2297490495-13824": 1758100226.4886749, "2213133113-1891": 1758100227.7207253, "2213133113-1888": 1758100227.9441297, "2213133113-1887": 1758100228.1348238, "1281025780-115923": 1758107553.9479563, "2297490495-13840": 1758114352.2137456, "1281025780-115956": 1758122585.2623022, "2297490495-13867": 1758172677.742236, "1281025780-115977": 1758172678.4265475, "2213133113-1927": 1758177437.4578824, "2213133113-1926": 1758177437.6420298, "2213133113-1925": 1758177437.807467, "2213133113-1923": 1758177437.9647033, "2213133113-1921": 1758177438.1510835, "2213133113-1920": 1758177438.3613029, "2213133113-1917": 1758177438.5476508, "2297490495-13877": 1758179630.463979, "2297490495-13876": 1758179630.6630385, "1281025780-115985": 1758179631.1612723, "1281025780-115991": 1758187176.1158683, "1281025780-115988": 1758187176.27903, "2297490495-13927": 1758194153.8312898, "2297490495-13946": 1758200696.1378236, "2297490495-13944": 1758200696.3427434, "1281025780-116044": 1758200696.8990965, "1281025780-116039": 1758200697.1114316, "1281025780-116036": 1758200697.2891538, "1281025780-116034": 1758200697.4771774, "2297490495-13958": 1758208833.514484, "1281025780-116055": 1758208834.1510968, "1281025780-116050": 1758208834.4086537, "2297490495-13969": 1758216200.2633405, "1281025780-116063": 1758216200.9493902, "2213133113-23": 1758266933.6619482, "1281025780-116087": 1758345737.4352071, "2213133113-10": 1758350116.5158343, "2297490495-14006": 1758446485.0257049, "2297490495-14005": 1758446485.2117693, "1281025780-116097": 1758446485.8928053, "2297490495-14020": 1758453568.3691156, "1281025780-116122": 1758453569.1204684, "1281025780-116121": 1758453569.337632, "1281025780-116116": 1758453569.548641, "1281025780-116115": 1758453569.7823172, "1281025780-116110": 1758453569.9797363, "2213133113-1915": 1758454948.6673164, "2213133113-1913": 1758454948.9219823, "2213133113-1912": 1758454949.176068, "2213133113-1910": 1758454949.4441435, "2213133113-1909": 1758454949.6836693, "2213133113-1905": 1758454949.9720545, "2213133113-1904": 1758454950.2804928, "2213133113-1903": 1758454950.5293021, "2213133113-1902": 1758454950.770521, "2213133113-1901": 1758454951.0107157, "2213133113-1899": 1758454951.3064387, "2297490495-14024": 1758459674.0474155, "1281025780-116168": 1758467565.2605684, "1281025780-116167": 1758467565.479292, "2297490495-14041": 1758474008.6354926, "1281025780-116174": 1758474009.368603, "2297490495-14079": 1758518025.3871114, "2297490495-14073": 1758518025.56376, "1281025780-116183": 1758518026.1024928, "1281025780-116182": 1758518026.2751195, "2213133113-1880": 1758534647.7264886, "2213133113-1879": 1758534647.9349668, "2213133113-1878": 1758534648.1518207}}