{"messages": {"1281025780-117850": 1761282787.4642763, "1281025780-117859": 1761304711.3734236, "1281025780-117866": 1761326712.8840044, "2297490495-15723": 1761480998.837958, "2213133113-1915": 1761483364.9509497, "2213133113-1913": 1761483365.1226528, "2213133113-1910": 1761483365.294254, "2213133113-1909": 1761483365.4745338, "2213133113-1904": 1761483365.671698, "2213133113-1902": 1761483365.8396096, "2213133113-1899": 1761483366.0672665, "2297490495-15759": 1761552017.6999311, "2297490495-15766": 1761560885.1686816, "1281025780-117971": 1761560885.8340993, "2297490495-15774": 1761567514.0207272, "2297490495-15770": 1761567514.2252638, "2297490495-15769": 1761567514.3967805, "2297490495-15835": 1761574914.857191, "2297490495-15831": 1761574915.118943, "1281025780-118010": 1761574915.890696, "2297490495-15847": 1761582886.7094839, "1281025780-118033": 1761582887.4197, "1281025780-118018": 1761582887.6650817, "2213133113-10": 1761633040.4543047, "2297490495-15867": 1761646351.210068, "1281025780-118085": 1761646351.8473291, "1281025780-118119": 1761661295.312315, "1281025780-118140": 1761669180.056226, "1281025780-118139": 1761669180.3715875, "2213133113-50": 1761677985.7966921, "1281025780-118166": 1761718681.5120854, "2297490495-15963": 1761733837.3329227, "2297490495-15961": 1761733837.5426636, "2297490495-15953": 1761733837.7406602, "2213133113-1937": 1761735568.7216294, "1281025780-118231": 1761748096.943234, "1281025780-118211": 1761748097.1775584, "1281025780-118185": 1761748097.4899566, "2297490495-15990": 1761755856.4767857, "2297490495-15985": 1761755856.6668448, "2297490495-15982": 1761755856.84182, "2213133113-1926": 1761809989.284982, "2213133113-1925": 1761809989.448625, "2213133113-1923": 1761809989.624993, "2213133113-1921": 1761809989.8430898, "2213133113-1920": 1761809990.0189867, "2213133113-1917": 1761809990.2126608, "2297490495-16012": 1761812202.350022, "2297490495-16028": 1761819966.2747579, "1281025780-118288": 1761819967.0041575, "1281025780-118273": 1761819967.311069, "1281025780-118304": 1761828968.2038927, "2297490495-16052": 1761833514.5814288, "1281025780-118336": 1761841138.5513885}}