{"messages": {"1281025780-129794": 1778509266.9558582, "1281025780-129866": 1778585444.7915075, "1281025780-129865": 1778585444.950282, "1281025780-129912": 1778601462.5278893, "1281025780-129903": 1778601462.7133033, "2213133113-10": 1778616355.5409389, "1281025780-129939": 1778678602.8591304, "2297490495-27129": 1778755027.4146864, "1281025780-130025": 1778755028.239417, "2297490495-27150": 1778770834.7847412}}