{"messages": {"1281025780-116087": 1758345737.4352071, "2213133113-10": 1758350116.5158343, "2297490495-14006": 1758446485.0257049, "2297490495-14005": 1758446485.2117693, "1281025780-116097": 1758446485.8928053, "2297490495-14020": 1758453568.3691156, "1281025780-116122": 1758453569.1204684, "1281025780-116121": 1758453569.337632, "1281025780-116116": 1758453569.548641, "1281025780-116115": 1758453569.7823172, "1281025780-116110": 1758453569.9797363, "2213133113-1915": 1758454948.6673164, "2213133113-1913": 1758454948.9219823, "2213133113-1912": 1758454949.176068, "2213133113-1910": 1758454949.4441435, "2213133113-1909": 1758454949.6836693, "2213133113-1905": 1758454949.9720545, "2213133113-1904": 1758454950.2804928, "2213133113-1903": 1758454950.5293021, "2213133113-1902": 1758454950.770521, "2213133113-1901": 1758454951.0107157, "2213133113-1899": 1758454951.3064387, "2297490495-14024": 1758459674.0474155, "1281025780-116168": 1758467565.2605684, "1281025780-116167": 1758467565.479292, "2297490495-14041": 1758474008.6354926, "1281025780-116174": 1758474009.368603, "2297490495-14079": 1758518025.3871114, "2297490495-14073": 1758518025.56376, "1281025780-116183": 1758518026.1024928, "1281025780-116182": 1758518026.2751195, "2213133113-1880": 1758534647.7264886, "2213133113-1879": 1758534647.9349668, "2213133113-1878": 1758534648.1518207, "1281025780-116208": 1758553969.1505773, "2213133113-1895": 1758635420.9656315, "2213133113-50": 1758650152.2349532, "2213133113-13": 1758692973.8931482, "2213133113-1891": 1758705448.4618502, "2213133113-1888": 1758705448.7171733, "2213133113-1887": 1758705448.9753976, "2213133113-1927": 1758782864.7020376, "2213133113-1926": 1758782864.8767529, "2213133113-1925": 1758782865.0466795, "2213133113-1923": 1758782865.230387, "2213133113-1921": 1758782865.3919632, "2213133113-1920": 1758782865.5629046, "2213133113-1917": 1758782865.723143, "2297490495-14149": 1758785150.0471764, "2297490495-14159": 1758792362.3784885, "1281025780-116242": 1758792362.855373, "1281025780-116241": 1758792363.0123963, "2297490495-14174": 1758798572.7290971, "2297490495-14172": 1758798572.9174411, "1281025780-116266": 1758798573.4115856, "1281025780-116264": 1758798573.588464, "1281025780-116258": 1758798573.762027, "1281025780-116251": 1758798573.9504023, "2297490495-14191": 1758805538.839506, "1281025780-116279": 1758805539.5026264, "1281025780-116300": 1758820139.9024243, "1281025780-116322": 1758864146.635437, "2213133113-23": 1758872117.324345, "1281025780-116327": 1758877964.8599718}}