{"messages": {"2297490495-18068": 1764592700.5964448, "2297490495-18120": 1764607196.02933, "1281025780-120660": 1764607196.6660745, "1281025780-120674": 1764656571.754837, "2213133113-10": 1764660057.6775503, "2297490495-18142": 1764671563.3187222, "1281025780-120707": 1764680219.7231007, "2297490495-18195": 1764693481.99119, "2297490495-18213": 1764699465.6182394, "1281025780-120778": 1764699466.4424832, "2213133113-50": 1764704733.9610724, "2297490495-18250": 1764756702.7681587, "1281025780-120794": 1764756703.315447, "2213133113-1937": 1764762124.4429471, "2297490495-18280": 1764765642.3101597, "2297490495-18269": 1764765642.5180445, "2297490495-18266": 1764765642.7428098, "1281025780-120832": 1764771602.493091, "1281025780-120829": 1764771602.7362835, "1281025780-120817": 1764771602.9920437, "2297490495-18341": 1764793911.7763855, "2297490495-18355": 1764837034.579828, "1281025780-120873": 1764837035.263306, "2213133113-1926": 1764837036.2876916, "2213133113-1925": 1764837036.526119, "2213133113-1923": 1764837036.7838209, "2213133113-1921": 1764837037.0154343, "2213133113-1920": 1764837037.2484362, "2213133113-1917": 1764837037.4736428, "2297490495-18424": 1764916534.7397559, "2297490495-18467": 1765102889.8763876, "1281025780-120976": 1765102890.4828322}}