{"messages": {"2297490495-2196": 1742065855.5610306, "2297490495-2187": 1742065855.8213568, "2297490495-2186": 1742065856.031726, "1281025780-103851": 1742065856.8578057, "1281025780-103844": 1742065857.1325808, "1281025780-103821": 1742065857.3968377, "1281025780-103813": 1742065857.6450722, "2266313310-88": 1742066028.7869997, "2297490495-2221": 1742127856.8349433, "1281025780-103950": 1742127857.545628, "1281025780-103946": 1742127857.7661004, "1281025780-103933": 1742127857.9842658, "1281025780-103931": 1742127858.184425, "2266313310-89": 1742130951.0565786, "2297490495-2224": 1742134169.5674555, "2297490495-2223": 1742134169.9585664, "1281025780-103971": 1742134170.7948787, "1281025780-103969": 1742134170.9878654, "1281025780-103968": 1742134171.1954494, "1281025780-103967": 1742134171.383339, "2297490495-2234": 1742200250.776505, "2297490495-2233": 1742200251.002567, "1281025780-104000": 1742200251.7668092, "1281025780-103996": 1742200252.0353131, "1281025780-103994": 1742200252.2846875, "1281025780-104019": 1742206773.9570765, "2297490495-2237": 1742214122.8137383, "1281025780-104040": 1742214123.7941926, "1281025780-104038": 1742214124.0596776, "1281025780-104032": 1742214124.276355, "2297490495-2243": 1742221598.6132638, "2297490495-2240": 1742221598.7953398, "1281025780-104060": 1742221599.293992, "1281025780-104059": 1742221599.447913, "2297490495-2246": 1742228002.0441904, "2297490495-2244": 1742228002.2601502, "1281025780-104072": 1742228002.8238328, "1281025780-104065": 1742228003.0556805, "2297490495-2248": 1742278552.8502772, "2213133113-1835": 1742278553.8087447, "1281025780-104107": 1742286443.9151318, "1281025780-104111": 1742293137.9625819, "2297490495-2253": 1742300330.2862127, "2266313310-86": 1742302696.0361955, "2213133113-50": 1742302696.4734347, "2213133113-23": 1742302696.643323, "2213133113-13": 1742302696.8357694, "2213133113-10": 1742302697.0163293, "2213133113-3": 1742302697.216567, "2297490495-2256": 1742307932.303644, "1281025780-104166": 1742307933.1341975, "1281025780-104165": 1742307933.381462, "1281025780-104163": 1742307933.6333957, "2266313310-87": 1742318184.8943295, "2297490495-2266": 1742329579.5918114, "2297490495-2279": 1742365009.9336684, "1281025780-104226": 1742380113.5270233, "1281025780-104284": 1742400773.9359102, "2297490495-2456": 1742452152.1256676, "2297490495-2401": 1742452152.3428144, "2297490495-2399": 1742452152.5062287, "2297490495-2385": 1742452152.7058775, "2297490495-2384": 1742452152.9838235, "2297490495-2486": 1742465875.3628213, "2297490495-2495": 1742473220.5744524, "1281025780-104336": 1742473221.1858635, "1281025780-104368": 1742480638.934654, "1281025780-104359": 1742480639.1598368, "1281025780-104358": 1742480639.343659, "1281025780-104381": 1742487072.2634547, "2297490495-2546": 1742537599.7963798, "2297490495-2530": 1742537599.985746, "2297490495-2504": 1742537600.1787956, "2297490495-2621": 1742561176.2867365, "2297490495-2620": 1742561176.4869876, "2297490495-2717": 1742653438.452051, "2297490495-2713": 1742653438.6463766, "2297490495-2708": 1742653438.8324168, "2297490495-2690": 1742653439.0107586, "2297490495-2681": 1742653439.2102568}}