{"messages": {"1281025780-127582": 1773758111.8278484, "1281025780-127598": 1773765955.6967041, "2297490495-24326": 1773866734.9861906, "2297490495-24329": 1773910546.8468163, "1281025780-127752": 1773936408.8267186, "2213133113-10": 1774360097.8413908}}