{"messages": {"2297490495-21806": 1770026482.3917127, "1281025780-125069": 1770041446.698355, "2297490495-21848": 1770049181.7437882, "1281025780-125093": 1770049182.2815607, "2297490495-21859": 1770073634.6698828, "1281025780-125122": 1770100263.8236303, "2213133113-10": 1770111641.438935, "2297490495-21896": 1770114254.5448487, "1281025780-125141": 1770121656.6518872, "2213133113-50": 1770155914.3458128, "1281025780-125211": 1770200685.9074352, "2297490495-22008": 1770207974.91803, "1281025780-125254": 1770215440.8305569, "1281025780-125243": 1770215441.0398664, "2213133113-1937": 1770215441.7323656, "2297490495-22064": 1770228072.5607514, "1281025780-125308": 1770285657.9174557, "1281025780-125347": 1770301688.0282886, "1281025780-125344": 1770301688.19869, "2297490495-22123": 1770307311.6212854, "1281025780-125350": 1770307312.172862, "2297490495-22177": 1770546426.7475522, "2297490495-22174": 1770546426.940692, "1281025780-125395": 1770546427.4771926, "1281025780-125384": 1770546427.6584604, "1281025780-125383": 1770546427.8775735}}