{"messages": {"2297490495-5991": 1748186389.6067636, "1281025780-108552": 1748186390.7054915, "1281025780-108569": 1748192416.5623744, "2297490495-6034": 1748244251.9737592, "2297490495-6075": 1748251933.0037131, "1281025780-108593": 1748251933.5520952, "1281025780-108592": 1748251933.7702873, "2297490495-6080": 1748258843.9765325, "1281025780-108624": 1748264791.7483938, "2297490495-6106": 1748272334.1050868, "1281025780-108659": 1748279489.4294639, "2213133113-1869": 1748324611.575647, "2213133113-1868": 1748324611.7608147, "2213133113-1866": 1748324611.931303, "2213133113-1864": 1748324612.0843523, "2213133113-1863": 1748324612.2552934, "2297490495-6135": 1748337456.324982, "1281025780-108688": 1748337456.8126056, "1281025780-108685": 1748337457.0162275, "1281025780-108722": 1748344427.8354242, "1281025780-108717": 1748344428.0609586, "1281025780-108714": 1748344428.34117, "1281025780-108713": 1748344428.5869327, "1281025780-108743": 1748352068.7358863, "1281025780-108741": 1748352069.0697546, "2213133113-50": 1748357258.6906776, "2213133113-23": 1748357258.8776944, "2213133113-13": 1748357259.1332161, "2213133113-10": 1748357259.3339865, "2213133113-3": 1748357259.5474489, "2297490495-6297": 1748423359.8301926, "2297490495-6296": 1748423360.0248966, "1281025780-108798": 1748423360.470257, "1281025780-108795": 1748423360.6344936, "1281025780-108825": 1748430445.7101514, "1281025780-108824": 1748430445.8716564, "1281025780-108823": 1748430446.030838, "1281025780-108816": 1748430446.2022147, "2297490495-6305": 1748431622.718921, "2297490495-6304": 1748431622.8963811, "1281025780-108848": 1748437800.516498, "1281025780-108842": 1748437800.7666886, "1281025780-108836": 1748437801.011254, "2213133113-1859": 1748504893.5855694, "2213133113-1858": 1748504893.7794554, "2213133113-1857": 1748504894.0052142, "2213133113-1856": 1748504894.2225559, "2213133113-1855": 1748504894.4208026, "2213133113-1853": 1748504894.6587422, "2213133113-1850": 1748504894.8742342, "2213133113-1849": 1748504895.107068, "1281025780-108911": 1748517279.030649, "1281025780-108930": 1748524694.9590375, "2297490495-6360": 1748531797.1611152, "1281025780-108964": 1748531797.978472, "1281025780-108973": 1748539541.2985358, "1281025780-108997": 1748675356.3044398, "1281025780-109002": 1748762139.71655, "2297490495-6425": 1748784777.6505156}}