{"messages": {"2297490495-21143": 1769064605.9702184, "1281025780-124269": 1769064606.4874783, "1281025780-124266": 1769064606.7544267, "1281025780-124260": 1769064606.9805412, "1281025780-124243": 1769064607.1515744, "1281025780-124304": 1769071452.2270267, "2297490495-21178": 1769086234.1695487, "2297490495-21171": 1769086234.3390825, "2297490495-21170": 1769086234.5150237, "2297490495-21165": 1769086234.7005596, "1281025780-124409": 1769150206.6478357, "1281025780-124407": 1769150206.8354104, "1281025780-124405": 1769150207.0364337, "2297490495-21229": 1769163510.3653555, "2297490495-21235": 1769322978.1000712, "2297490495-21252": 1769336596.0775957, "2297490495-21292": 1769351252.3183608, "1281025780-124530": 1769358753.7176073, "2297490495-21350": 1769437576.828708, "1281025780-124592": 1769437577.4456165, "1281025780-124590": 1769437577.6598706, "2297490495-21380": 1769451381.1008506, "1281025780-124624": 1769451381.7574065, "1281025780-124636": 1769495119.6971579, "2213133113-10": 1769504467.424272, "1281025780-124647": 1769508077.5986316, "1281025780-124715": 1769529691.471774, "2297490495-21479": 1769532304.2229295, "2213133113-50": 1769550334.5322056, "2297490495-21490": 1769589714.2585602, "1281025780-124745": 1769589714.9714725, "1281025780-124744": 1769589715.1791167, "2297490495-21509": 1769604892.8421283, "2213133113-1937": 1769608249.621773, "1281025780-124793": 1769610094.836048, "2297490495-21535": 1769633179.574868}}