{"messages": {"2297490495-3369": 1743679340.4917805, "2297490495-3383": 1743686604.4337714, "2297490495-3380": 1743686604.6330822, "2297490495-3375": 1743686604.7984846, "2297490495-3373": 1743686604.9701543, "2297490495-3387": 1743693001.0242047, "1281025780-105401": 1743693001.8261242, "1281025780-105397": 1743693002.104853, "2297490495-3395": 1743701089.2741554, "2297490495-3400": 1743707648.2218065, "1281025780-105419": 1743743517.0592625, "1281025780-105432": 1743772801.4921048, "2297490495-3440": 1743931441.071879, "1281025780-105446": 1743931441.6075284, "2297490495-3446": 1743937989.0811749, "1281025780-105472": 1743937989.7560096, "2297490495-3456": 1743945627.2405624, "1281025780-105493": 1743945627.895368, "2297490495-3459": 1743952025.8311987, "1281025780-105499": 1743952026.4263093, "1281025780-105515": 1743959051.0030355, "2297490495-3467": 1744002729.7925775, "1281025780-105525": 1744002730.2535849, "2297490495-3488": 1744017061.6395617, "2297490495-3487": 1744017061.8744137, "2297490495-3504": 1744024885.904337, "1281025780-105556": 1744024886.6578336, "1281025780-105596": 1744032197.35745, "1281025780-105583": 1744032197.6225212, "1281025780-105582": 1744032197.8824575, "1281025780-105617": 1744039055.7790146, "1281025780-105612": 1744039056.014633, "1281025780-105608": 1744039056.2270653, "2297490495-3541": 1744103687.649202, "1281025780-105656": 1744103688.3125932, "1281025780-105652": 1744103688.5363169, "2297490495-3567": 1744111257.370091, "1281025780-105665": 1744111258.0134115, "2297490495-3574": 1744118314.64939, "1281025780-105697": 1744118315.1270308, "1281025780-105687": 1744118315.3146532, "2213133113-50": 1744118315.9487076, "2213133113-23": 1744118316.2081273, "2213133113-13": 1744118316.38594, "2213133113-10": 1744118316.5444708, "2213133113-3": 1744118316.7126412, "2297490495-3582": 1744125356.010186, "1281025780-105709": 1744125356.5163589, "1281025780-105707": 1744125356.6974325, "1281025780-105705": 1744125356.9423652, "1281025780-105719": 1744132777.3855946, "2297490495-3589": 1744139520.1916769, "1281025780-105742": 1744175682.5143094, "1281025780-105741": 1744175682.7282686, "1281025780-105736": 1744175682.94387, "2297490495-3601": 1744189883.8510633, "2297490495-3600": 1744189884.0238488, "2297490495-3599": 1744189884.2186592, "1281025780-105758": 1744189884.8294072, "1281025780-105775": 1744196963.7401526, "1281025780-105767": 1744196963.9060605, "1281025780-105765": 1744196964.0790648, "1281025780-105764": 1744196964.3269815, "2297490495-3631": 1744219460.918703, "2297490495-3628": 1744219461.168073, "2297490495-3637": 1744226177.880842, "2297490495-3638": 1744261950.7852829, "1281025780-105840": 1744261951.199453, "1281025780-105859": 1744277282.2811897}}