{"messages": {"2297490495-24326": 1773866734.9861906, "2297490495-24329": 1773910546.8468163, "1281025780-127752": 1773936408.8267186, "2213133113-10": 1774360097.8413908, "2297490495-24580": 1774371186.3967159}}