{"messages": {"1281025780-113810": 1755077408.947886, "1281025780-113825": 1755083462.3021002, "2297490495-11331": 1755092109.6477084, "2297490495-11326": 1755092109.8762965, "1281025780-113847": 1755092110.4323375, "2297490495-11392": 1755096353.5067825, "2297490495-11391": 1755096353.6943603, "2297490495-11352": 1755096353.8781831, "2297490495-11351": 1755096354.0400958, "2297490495-11350": 1755096354.2009985, "2297490495-11348": 1755096354.3695543, "1281025780-113863": 1755098790.009936, "1281025780-113862": 1755098790.23268, "1281025780-113861": 1755098790.4702294, "1281025780-113880": 1755105319.855256, "1281025780-113879": 1755105320.0374596, "2213133113-1927": 1755149744.8995938, "2213133113-1926": 1755149745.0540702, "2213133113-1925": 1755149745.214467, "2213133113-1923": 1755149745.3815575, "2213133113-1921": 1755149745.5270503, "2213133113-1920": 1755149745.6808572, "2213133113-1917": 1755149745.834987, "2213133113-1859": 1755164927.3469546, "2213133113-1858": 1755164927.5054443, "2213133113-1857": 1755164927.6692438, "2213133113-1856": 1755164927.830717, "2213133113-1855": 1755164927.9891884, "2213133113-1853": 1755164928.1726081, "2213133113-1850": 1755164928.3295324, "2213133113-1849": 1755164928.4782221, "1281025780-113931": 1755170009.7112114, "1281025780-113930": 1755170009.9010332, "1281025780-113937": 1755178695.302284, "1281025780-113961": 1755185386.2348802, "1281025780-113980": 1755191943.1201677, "1281025780-113979": 1755191943.3041766, "1281025780-113978": 1755191943.499427, "1281025780-113977": 1755191943.721576, "1281025780-113976": 1755191943.9201837, "1281025780-113975": 1755191944.1155152, "1281025780-114000": 1755415338.7067022, "2297490495-11509": 1755422002.779658, "2213133113-1915": 1755429513.492849, "2213133113-1913": 1755429513.696587, "2213133113-1912": 1755429513.945143, "2213133113-1910": 1755429514.1650257, "2213133113-1909": 1755429514.3912587, "2213133113-1905": 1755429514.6058686, "2213133113-1904": 1755429514.817521, "2213133113-1903": 1755429515.0210743, "2213133113-1902": 1755429515.2394867, "2213133113-1901": 1755429515.4675107, "2213133113-1899": 1755429515.696537, "2297490495-11519": 1755436534.343787, "2297490495-11516": 1755436534.538313, "1281025780-114032": 1755436535.0628252, "1281025780-114040": 1755444363.5251172, "2297490495-11543": 1755501681.5395348, "2297490495-11542": 1755501681.7302725, "2297490495-11539": 1755501681.8924584, "2213133113-1880": 1755505534.1281502, "2213133113-1879": 1755505534.3020775, "2213133113-1878": 1755505534.4503076, "1281025780-114065": 1755508933.5238726, "1281025780-114063": 1755508933.7530205, "1281025780-114083": 1755515492.6664197, "2297490495-11573": 1755524197.9382594, "1281025780-114114": 1755524198.6930115, "1281025780-114106": 1755524199.001248, "1281025780-114123": 1755529826.7938106, "1281025780-114117": 1755529827.0246687, "2213133113-1869": 1755589667.4858227, "2213133113-1868": 1755589667.7614672, "2213133113-1866": 1755589667.9572895, "2213133113-1864": 1755589668.1363182, "2213133113-1863": 1755589668.310923, "1281025780-114156": 1755601927.9325569, "1281025780-114180": 1755609393.9444733, "2213133113-1895": 1755609394.6927102, "2297490495-11629": 1755616880.8575437, "1281025780-114198": 1755616881.4218354, "1281025780-114195": 1755616881.6120887, "2213133113-50": 1755624198.013238, "2213133113-1891": 1755677496.2514908, "2213133113-1888": 1755677496.4732943, "2213133113-1887": 1755677496.6861842}}