{"messages": {"1281025780-122416": 1766924450.0366378, "1281025780-122441": 1766939637.9934437, "1281025780-122438": 1766939638.17885, "1281025780-122433": 1766939638.3619268, "1281025780-122447": 1766947193.8182726, "2297490495-19795": 1766996255.5691059, "2297490495-19808": 1767004520.664511, "1281025780-122484": 1767004521.2256536, "2297490495-19816": 1767013357.9467006, "2297490495-19814": 1767013358.1942892, "1281025780-122495": 1767013358.8037167, "1281025780-122521": 1767016810.0267391, "2297490495-19823": 1767018776.0970707, "2213133113-10": 1767081467.3357716, "1281025780-122629": 1767110418.1126394, "1281025780-122634": 1767112717.1496565, "2213133113-50": 1767127076.7924063, "2297490495-19918": 1767175987.5447862, "2213133113-1937": 1767182255.7373526, "2297490495-19959": 1767190726.696854, "2297490495-19958": 1767190726.8880706, "1281025780-122696": 1767190727.400835, "2297490495-19973": 1767197975.2679842, "1281025780-122723": 1767197975.9304478, "2297490495-19989": 1767212659.0679657, "1281025780-122763": 1767248509.7472878, "2297490495-19998": 1767263588.9572983, "2297490495-20017": 1767272217.2210906, "2297490495-20016": 1767272217.4438465, "2297490495-20015": 1767272217.604172, "2297490495-20014": 1767272217.7659197, "1281025780-122800": 1767277153.6087515, "2297490495-20081": 1767515472.085842}}