{"messages": {"2297490495-18520": 1765123952.5755637, "2297490495-18522": 1765131888.265936, "1281025780-121054": 1765175627.535101, "1281025780-121077": 1765198104.586736, "2297490495-18605": 1765211873.545643, "1281025780-121133": 1765219277.2717836, "2213133113-10": 1765265315.1362581, "2297490495-18699": 1765290792.1196086, "1281025780-121216": 1765290792.67937, "2297490495-18725": 1765297680.496144, "2297490495-18720": 1765297680.7189558, "2297490495-18719": 1765297680.9485934, "2297490495-18718": 1765297681.21058, "1281025780-121239": 1765304783.3461318, "2213133113-50": 1765309906.707238, "1281025780-121253": 1765349189.9001534, "2297490495-18758": 1765354447.8563764, "1281025780-121260": 1765362000.0622344, "2213133113-1937": 1765366964.881997, "2297490495-18804": 1765376927.235424, "2297490495-18802": 1765376927.503955, "1281025780-121318": 1765376928.231852, "2297490495-18917": 1765478559.1506815, "2297490495-18916": 1765478559.427833, "2297490495-18915": 1765478559.6880906, "2297490495-18914": 1765478559.9388578, "2297490495-18960": 1765707566.6391811, "2297490495-18982": 1765715390.3592637, "1281025780-121515": 1765715390.7975557}}