{"messages": {"2297490495-22905": 1771425436.93694, "2297490495-22971": 1771495249.741777, "2297490495-22969": 1771495249.904715, "2297490495-22998": 1771518616.1501703, "2297490495-23115": 1771841321.662738, "2213133113-10": 1771932263.5162442, "2297490495-23269": 1772026710.9874845, "1281025780-126602": 1772030146.1302323}}