{"messages": {"2297490495-16596": 1762432680.5036829, "2297490495-16594": 1762432680.6965454, "2297490495-16593": 1762432680.9095066, "2297490495-16592": 1762432681.1324544, "1281025780-118806": 1762432681.6633484, "1281025780-118796": 1762432681.853465, "2297490495-16610": 1762439288.890971, "1281025780-118819": 1762447038.9442213, "2297490495-16700": 1762697827.9227555, "1281025780-118914": 1762697828.6126215, "2297490495-16723": 1762762919.1695058, "1281025780-118993": 1762770851.3437822, "2297490495-16771": 1762792545.5839572, "1281025780-119093": 1762799933.8305557, "2213133113-10": 1762844063.1884184, "2297490495-16869": 1762878891.5599158, "2297490495-16862": 1762878891.8491623, "1281025780-119217": 1762878892.5871656, "1281025780-119207": 1762878893.0034084, "1281025780-119219": 1762886302.4650724, "2213133113-50": 1762889382.048735, "2297490495-16874": 1762892231.4874177, "1281025780-119239": 1762929653.3993943, "2213133113-1937": 1762946352.6629603, "1281025780-119264": 1762951869.2722526, "1281025780-119261": 1762951869.526142, "2297490495-16926": 1762956782.6783135, "1281025780-119288": 1762956783.3509214, "1281025780-119276": 1762956783.584361, "2213133113-1926": 1763019701.0173516, "2213133113-1925": 1763019701.2140963, "2213133113-1923": 1763019701.4231353, "2213133113-1921": 1763019701.6343567, "2213133113-1920": 1763019701.84525, "2213133113-1917": 1763019702.0471742}}