{"messages": {"2297490495-28026": 1780298287.2027621, "2297490495-28075": 1780319005.7815306, "2297490495-28041": 1780319006.0817778, "1281025780-130922": 1780319006.9334202, "1281025780-130906": 1780319007.2153208, "1281025780-130905": 1780319007.5094523, "1281025780-130895": 1780319007.8111134, "1281025780-130873": 1780319008.1123636, "2297490495-28125": 1780398668.4313164, "1281025780-130978": 1780398669.2561276, "1281025780-131019": 1780413091.7002487, "2213133113-10": 1780436875.8597577, "2297490495-28167": 1780470387.2811944, "2297490495-28163": 1780470387.4661007, "1281025780-131057": 1780488393.4254396, "1281025780-131050": 1780488393.6109223, "2297490495-28222": 1780550221.073667, "1281025780-131178": 1780639433.581942, "1281025780-131207": 1780832981.1476805}}