{"messages": {"2297490495-29704": 1783348360.383196, "1281025780-132548": 1783402196.7868502, "2297490495-29762": 1783424295.7743008, "1281025780-132675": 1783432297.7016761, "1281025780-132700": 1783448756.3940675, "2213133113-10": 1783482169.60782, "2297490495-29859": 1783523726.4259505, "1281025780-132753": 1783523727.1538393, "1281025780-132752": 1783523727.364043, "1281025780-132745": 1783523727.5374556, "2297490495-30014": 1783941567.8409822, "2297490495-30025": 1783949546.7004037}}