{"messages": {"2297490495-19261": 1765989733.5030146, "2297490495-19280": 1766046273.4236503, "2297490495-19276": 1766046273.5869088, "1281025780-121880": 1766075965.6234524, "2297490495-19336": 1766297769.542326, "2297490495-19431": 1766305473.2645824, "2297490495-19438": 1766312589.747814, "2297490495-19458": 1766320791.2144556, "2297490495-19471": 1766326455.476335, "1281025780-122029": 1766421055.343271, "2213133113-10": 1766476087.0672061, "2297490495-19569": 1766485035.2278657, "1281025780-122083": 1766485035.7244985, "1281025780-122138": 1766507874.82327, "2297490495-19613": 1766515291.279997, "2213133113-50": 1766520816.3236234, "2213133113-1937": 1766577383.5832543}}