{"messages": {"2213133113-1937": 1761735568.7216294, "1281025780-118231": 1761748096.943234, "1281025780-118211": 1761748097.1775584, "1281025780-118185": 1761748097.4899566, "2297490495-15990": 1761755856.4767857, "2297490495-15985": 1761755856.6668448, "2297490495-15982": 1761755856.84182, "2213133113-1926": 1761809989.284982, "2213133113-1925": 1761809989.448625, "2213133113-1923": 1761809989.624993, "2213133113-1921": 1761809989.8430898, "2213133113-1920": 1761809990.0189867, "2213133113-1917": 1761809990.2126608, "2297490495-16012": 1761812202.350022, "2297490495-16028": 1761819966.2747579, "1281025780-118288": 1761819967.0041575, "1281025780-118273": 1761819967.311069, "1281025780-118304": 1761828968.2038927, "2297490495-16052": 1761833514.5814288, "1281025780-118336": 1761841138.5513885, "2297490495-16155": 1762064593.6180115, "2297490495-16168": 1762078864.1024034, "2213133113-1915": 1762088641.2203023, "2213133113-1913": 1762088641.4561791, "2213133113-1910": 1762088641.6942453, "2213133113-1909": 1762088641.9696305, "2213133113-1904": 1762088642.287437, "2213133113-1902": 1762088642.6073742, "2213133113-1899": 1762088642.9455981, "2297490495-16213": 1762107596.2309368, "1281025780-118454": 1762107597.2524645, "1281025780-118443": 1762107597.5267208, "1281025780-118423": 1762107597.773509, "1281025780-118403": 1762107598.0978944, "1281025780-118466": 1762152196.4240353, "1281025780-118465": 1762152196.6571264, "2297490495-16286": 1762173488.547109, "1281025780-118502": 1762173489.2837641, "2297490495-16296": 1762179756.621164, "1281025780-118538": 1762179757.1987712, "1281025780-118520": 1762179757.387379, "2297490495-16305": 1762186779.9317226, "1281025780-118542": 1762186780.6832385, "2297490495-16351": 1762194080.4598145, "2297490495-16350": 1762194080.7064843, "2297490495-16327": 1762194080.939609, "2297490495-16321": 1762194081.287231, "2297490495-16320": 1762194081.4904852, "2213133113-10": 1762238087.19875, "2297490495-16399": 1762252231.2249432, "2297490495-16392": 1762252231.437077, "2297490495-16380": 1762252231.6444666, "1281025780-118594": 1762252232.1866589, "1281025780-118589": 1762252232.3870316, "1281025780-118623": 1762265418.1284232, "1281025780-118656": 1762273098.48846, "2297490495-16460": 1762280189.7731304, "2213133113-50": 1762284074.6826177, "2297490495-16469": 1762288123.4922261, "2297490495-16489": 1762337542.5534043, "2297490495-16488": 1762337542.7726183, "2297490495-16487": 1762337542.9781866, "2297490495-16486": 1762337543.222775, "2297490495-16485": 1762337543.4056754, "2297490495-16484": 1762337543.6277308}}