{"messages": {"2213133113-1880": 1756111783.420517, "2213133113-1879": 1756111783.5824502, "2213133113-1878": 1756111783.8004339, "2297490495-11892": 1756121029.089691, "1281025780-114488": 1756127006.2238846, "1281025780-114517": 1756135033.0799398, "1281025780-114512": 1756135033.3314826, "1281025780-114505": 1756135033.5648823, "2297490495-11921": 1756142534.2021315, "2297490495-11920": 1756142534.498566, "2297490495-11919": 1756142534.7095623, "1281025780-114537": 1756184442.337248, "2213133113-1869": 1756194642.6569974, "2213133113-1868": 1756194642.881006, "2213133113-1866": 1756194643.156386, "2213133113-1864": 1756194643.3829029, "2213133113-1863": 1756194643.5898087, "2297490495-11929": 1756200583.8467107, "1281025780-114557": 1756200584.3413553, "2297490495-11934": 1756213434.894685, "2213133113-1895": 1756215649.7008548, "2213133113-50": 1756229400.2398937, "2213133113-1891": 1756283641.6971135, "2213133113-1888": 1756283641.8770585, "2213133113-1887": 1756283642.1245985, "1281025780-114631": 1756300023.5824676, "1281025780-114646": 1756315448.4186914, "2213133113-1927": 1756360612.1637075, "2213133113-1926": 1756360612.3198488, "2213133113-1925": 1756360612.4855537, "2213133113-1923": 1756360612.64301, "2213133113-1921": 1756360612.8079088, "2213133113-1920": 1756360612.959767, "2213133113-1917": 1756360613.1150665, "2297490495-11983": 1756365517.2838502, "1281025780-114677": 1756372315.5748365, "1281025780-114673": 1756372315.7507799, "2213133113-1859": 1756376805.72586, "2213133113-1858": 1756376805.9092197, "2213133113-1857": 1756376806.0910604, "2213133113-1856": 1756376806.2581522, "2213133113-1855": 1756376806.439168, "2213133113-1853": 1756376806.6131132, "2213133113-1850": 1756376806.805748, "2213133113-1849": 1756376807.1004844, "1281025780-114691": 1756379888.2537677, "1281025780-114688": 1756379888.4460094, "2297490495-12014": 1756386958.5131922, "2297490495-12012": 1756386958.8557165, "1281025780-114714": 1756386959.5607052, "1281025780-114713": 1756386959.7945716, "1281025780-114709": 1756386960.011304, "1281025780-114734": 1756393972.873926, "1281025780-114743": 1756400940.1133456, "1281025780-114741": 1756400940.2802255, "1281025780-114740": 1756400940.4797513, "2297490495-12330": 1756444820.115285, "2297490495-12361": 1756616407.7574825, "2297490495-12357": 1756616407.9685879, "2297490495-12370": 1756630811.0817423, "1281025780-114763": 1756632248.845167, "2297490495-12382": 1756638593.8690743, "2297490495-12377": 1756638594.113131, "1281025780-114769": 1756638594.7797565, "2213133113-1915": 1756639463.5752501, "2213133113-1913": 1756639463.7489839, "2213133113-1912": 1756639463.9343145, "2213133113-1910": 1756639464.1514845, "2213133113-1909": 1756639464.3096666, "2213133113-1905": 1756639464.490352, "2213133113-1904": 1756639464.6696475, "2213133113-1903": 1756639464.832951, "2213133113-1902": 1756639464.9971073, "2213133113-1901": 1756639465.1725173, "2213133113-1899": 1756639465.3472009, "2297490495-12384": 1756646131.5915792, "1281025780-114793": 1756646132.261541, "1281025780-114790": 1756646132.4848175, "1281025780-114781": 1756646132.7050111, "1281025780-114778": 1756646132.9282959}}