{"messages": {"1281025780-105859": 1744277282.2811897, "2297490495-3668": 1744283612.935064, "2297490495-3678": 1744290315.8394654, "2297490495-3677": 1744290316.0091732, "1281025780-105905": 1744290316.4908144, "1281025780-105904": 1744290316.6627586, "2297490495-3679": 1744292185.6117346, "1281025780-105922": 1744298844.9993792, "1281025780-105920": 1744298845.2152638, "1281025780-105915": 1744298845.4249003, "2297490495-3683": 1744305906.057439, "2297490495-3709": 1744348645.162896, "2297490495-3705": 1744348645.3689444, "2297490495-3722": 1744557473.866707, "2297490495-3731": 1744614843.8663783, "2297490495-3739": 1744621796.793154, "2297490495-3737": 1744621797.1154828, "2297490495-3733": 1744621797.3963516, "1281025780-105982": 1744621798.1181529, "2297490495-3764": 1744637132.1452098, "2297490495-3761": 1744637132.3086784, "2297490495-3752": 1744637132.4947288, "1281025780-105994": 1744637132.9068162, "2297490495-3791": 1744651387.2161448, "2297490495-3788": 1744651387.4875572, "2297490495-3779": 1744651387.7063773, "2297490495-3814": 1744716082.2535067, "1281025780-106058": 1744723470.2333014, "2213133113-50": 1744723470.9071813, "2213133113-23": 1744723471.0768986, "2213133113-13": 1744723471.2782931, "2213133113-10": 1744723471.5066586, "2213133113-3": 1744723471.7735074, "1281025780-106100": 1744795612.6271014, "1281025780-106123": 1744817359.4030228, "1281025780-106122": 1744817359.6211927, "2297490495-3876": 1744823459.3064198, "2297490495-3869": 1744823459.5421767, "2297490495-3859": 1744823459.743719, "1281025780-106132": 1744823460.3339813, "2297490495-3887": 1744881718.5673609, "1281025780-106152": 1744881719.0039043, "1281025780-106145": 1744881719.1729295}}