{"messages": {"1281025780-129156": 1777454794.477462, "1281025780-129217": 1777531087.80798, "2213133113-10": 1778005113.7882981}}