{"messages": {"2297490495-18355": 1764837034.579828, "1281025780-120873": 1764837035.263306, "2213133113-1926": 1764837036.2876916, "2213133113-1925": 1764837036.526119, "2213133113-1923": 1764837036.7838209, "2213133113-1921": 1764837037.0154343, "2213133113-1920": 1764837037.2484362, "2213133113-1917": 1764837037.4736428, "2297490495-18424": 1764916534.7397559, "2297490495-18467": 1765102889.8763876, "1281025780-120976": 1765102890.4828322, "2297490495-18520": 1765123952.5755637, "2297490495-18522": 1765131888.265936, "1281025780-121054": 1765175627.535101, "1281025780-121077": 1765198104.586736, "2297490495-18605": 1765211873.545643, "1281025780-121133": 1765219277.2717836, "2213133113-10": 1765265315.1362581, "2297490495-18699": 1765290792.1196086, "1281025780-121216": 1765290792.67937, "2297490495-18725": 1765297680.496144, "2297490495-18720": 1765297680.7189558, "2297490495-18719": 1765297680.9485934, "2297490495-18718": 1765297681.21058, "1281025780-121239": 1765304783.3461318, "2213133113-50": 1765309906.707238, "1281025780-121253": 1765349189.9001534, "2297490495-18758": 1765354447.8563764, "1281025780-121260": 1765362000.0622344, "2213133113-1937": 1765366964.881997, "2297490495-18804": 1765376927.235424, "2297490495-18802": 1765376927.503955, "1281025780-121318": 1765376928.231852}}