{"messages": {"2297490495-3208": 1743434060.4997175, "1281025780-105111": 1743441074.7750468, "2297490495-3223": 1743485193.0726297, "1281025780-105127": 1743485193.731976, "1281025780-105123": 1743485194.0559056, "2297490495-3229": 1743491536.0156114, "2297490495-3228": 1743491536.1899877, "1281025780-105132": 1743491536.6074572, "2297490495-3240": 1743499713.4298007, "2297490495-3238": 1743499713.6562803, "2297490495-3233": 1743499713.8969624, "1281025780-105137": 1743499714.5772493, "2297490495-3241": 1743506138.7318954, "1281025780-105159": 1743506139.6596684, "1281025780-105158": 1743506139.9477525, "1281025780-105157": 1743506140.204181, "1281025780-105156": 1743506140.4572248, "2297490495-3245": 1743512841.277987, "1281025780-105178": 1743512841.8106751, "1281025780-105168": 1743512841.9777615, "2213133113-50": 1743512842.6613023, "2213133113-23": 1743512842.8185182, "2213133113-13": 1743512842.982374, "2213133113-10": 1743512843.2125754, "2213133113-3": 1743512843.4316409, "2297490495-3258": 1743520306.2811117, "1281025780-105194": 1743520306.9721339, "1281025780-105188": 1743520307.2874265, "2297490495-3288": 1743577788.433815, "2297490495-3286": 1743577788.5867538, "1281025780-105239": 1743586057.0395722, "2297490495-3320": 1743607601.5416346, "2297490495-3318": 1743607601.7053394, "2297490495-3313": 1743607601.906465, "2297490495-3311": 1743607602.1041148, "1281025780-105292": 1743607602.5919256, "1281025780-105291": 1743607602.7893875, "1281025780-105284": 1743607603.1164758, "1281025780-105283": 1743607603.3860142, "1281025780-105309": 1743613763.3700964, "2297490495-3336": 1743657942.4462101, "2297490495-3334": 1743657942.6458123, "1281025780-105324": 1743657943.1346629, "1281025780-105331": 1743671938.142168, "2297490495-3369": 1743679340.4917805, "2297490495-3383": 1743686604.4337714, "2297490495-3380": 1743686604.6330822, "2297490495-3375": 1743686604.7984846, "2297490495-3373": 1743686604.9701543, "2297490495-3387": 1743693001.0242047, "1281025780-105401": 1743693001.8261242, "1281025780-105397": 1743693002.104853, "2297490495-3395": 1743701089.2741554, "2297490495-3400": 1743707648.2218065, "1281025780-105419": 1743743517.0592625, "1281025780-105432": 1743772801.4921048, "2297490495-3440": 1743931441.071879, "1281025780-105446": 1743931441.6075284, "2297490495-3446": 1743937989.0811749, "1281025780-105472": 1743937989.7560096, "2297490495-3456": 1743945627.2405624, "1281025780-105493": 1743945627.895368, "2297490495-3459": 1743952025.8311987, "1281025780-105499": 1743952026.4263093, "1281025780-105515": 1743959051.0030355, "2297490495-3467": 1744002729.7925775, "1281025780-105525": 1744002730.2535849, "2297490495-3488": 1744017061.6395617, "2297490495-3487": 1744017061.8744137, "2297490495-3504": 1744024885.904337, "1281025780-105556": 1744024886.6578336}}