{"messages": {"2213133113-1937": 1762341356.0733361, "2297490495-16511": 1762346844.0910232, "2297490495-16520": 1762353032.2608845, "2297490495-16535": 1762360558.5370593, "1281025780-118744": 1762360559.103095, "2297490495-16537": 1762366519.7408998, "2213133113-1926": 1762414895.414123, "2213133113-1925": 1762414895.7934847, "2213133113-1923": 1762414896.0563664, "2213133113-1921": 1762414896.3325098, "2213133113-1920": 1762414896.5666947, "2213133113-1917": 1762414896.7982152, "2297490495-16569": 1762417375.6243334, "2297490495-16568": 1762417375.8117785, "2297490495-16567": 1762417375.9927928, "2297490495-16566": 1762417376.1747074, "2297490495-16565": 1762417376.361526, "2297490495-16577": 1762425121.3375123, "2297490495-16596": 1762432680.5036829, "2297490495-16594": 1762432680.6965454, "2297490495-16593": 1762432680.9095066, "2297490495-16592": 1762432681.1324544, "1281025780-118806": 1762432681.6633484, "1281025780-118796": 1762432681.853465, "2297490495-16610": 1762439288.890971, "1281025780-118819": 1762447038.9442213, "2297490495-16700": 1762697827.9227555, "1281025780-118914": 1762697828.6126215, "2297490495-16723": 1762762919.1695058, "1281025780-118993": 1762770851.3437822, "2297490495-16771": 1762792545.5839572, "1281025780-119093": 1762799933.8305557, "2213133113-10": 1762844063.1884184, "2297490495-16869": 1762878891.5599158, "2297490495-16862": 1762878891.8491623, "1281025780-119217": 1762878892.5871656, "1281025780-119207": 1762878893.0034084, "1281025780-119219": 1762886302.4650724, "2213133113-50": 1762889382.048735, "2297490495-16874": 1762892231.4874177, "1281025780-119239": 1762929653.3993943}}