{"messages": {"2297490495-6813": 1749490016.7930982, "2297490495-6835": 1749496046.1311808, "1281025780-109469": 1749532919.4174776, "2213133113-1869": 1749534800.7129974, "2213133113-1868": 1749534800.866936, "2213133113-1866": 1749534801.0165875, "2213133113-1864": 1749534801.1811159, "2213133113-1863": 1749534801.3486588, "1281025780-109491": 1749547493.7864728, "2213133113-50": 1749568803.0917807, "2213133113-23": 1749568803.2672684, "2213133113-13": 1749568803.4644082, "2213133113-10": 1749568803.635635, "2213133113-3": 1749568803.8491511, "2297490495-6901": 1749634234.1099813, "2297490495-6899": 1749634234.3349195, "1281025780-109584": 1749634234.8785636, "1281025780-109572": 1749634235.1167898, "1281025780-109568": 1749634235.329964, "2297490495-6922": 1749647210.4675963, "2297490495-6927": 1749655768.0541441, "1281025780-109626": 1749655768.930578, "1281025780-109625": 1749655769.1343567, "2297490495-6932": 1749662212.1896617, "1281025780-109637": 1749662212.8764298, "1281025780-109654": 1749705122.170136, "2213133113-1859": 1749716712.1503546, "2213133113-1858": 1749716712.3294587, "2213133113-1857": 1749716712.506539, "2213133113-1856": 1749716712.6705003, "2213133113-1855": 1749716712.8516815, "2213133113-1853": 1749716713.0861413, "2213133113-1850": 1749716713.3096354, "2213133113-1849": 1749716713.503912, "2297490495-6974": 1749719469.5765543, "1281025780-109677": 1749719470.3231337, "1281025780-109675": 1749719470.5873618, "1281025780-109666": 1749719470.7781646, "2297490495-6995": 1749726618.5210433, "1281025780-109699": 1749726618.9964406, "1281025780-109695": 1749726619.2239559, "1281025780-109692": 1749726619.4219465, "2297490495-7001": 1749734465.3908172, "1281025780-109728": 1749740921.5078924, "2297490495-7199": 1749756424.244455, "2297490495-7198": 1749756424.4654045, "2297490495-7196": 1749756424.6775563, "2297490495-7185": 1749756424.8772085, "2297490495-7184": 1749756425.0982158, "2297490495-7183": 1749756425.3449264, "2297490495-7182": 1749756425.5927396, "2297490495-7181": 1749756425.8653753, "2297490495-7170": 1749756426.0952504, "2297490495-7138": 1749756426.3767462, "2297490495-7371": 1749757201.0038009, "2297490495-7625": 1749757880.0457523, "2297490495-7624": 1749757880.2480626, "2297490495-7598": 1749757880.4740844, "2297490495-7588": 1749757880.6607566, "2297490495-7972": 1749759266.8428755, "2297490495-8114": 1749965248.57292, "2297490495-8159": 1750001147.9072917, "2297490495-8191": 1750072322.5022836, "2297490495-8188": 1750072322.7046652, "1281025780-109826": 1750080259.4630387}}