{"messages": {"2297490495-23709": 1772655791.4113595, "2297490495-23864": 1773059223.9704487, "1281025780-127125": 1773067066.906861, "2213133113-10": 1773144129.1935663, "2297490495-23938": 1773162634.3956194, "1281025780-127214": 1773162635.0337405, "2297490495-23960": 1773218307.2552204}}