{"messages": {"2297490495-30025": 1783949546.7004037, "2213133113-10": 1784094957.1274185, "1281025780-133221": 1784461313.2522562, "1281025780-133262": 1784533940.9108443, "1281025780-133294": 1784552233.3901472}}