{"messages": {"1281025780-110164": 1750699260.6828828, "1281025780-110161": 1750699260.9921124, "2297490495-8452": 1750742771.5541482, "1281025780-110183": 1750742772.032159, "1281025780-110177": 1750742772.1919088, "2213133113-1869": 1750744693.8802328, "2213133113-1868": 1750744694.0480912, "2213133113-1866": 1750744694.2225466, "2213133113-1864": 1750744694.483365, "2213133113-1863": 1750744694.6674597, "1281025780-110186": 1750750059.3607988, "2297490495-8460": 1750757142.3680768, "1281025780-110193": 1750757143.2318583, "2297490495-8470": 1750771422.2142901, "1281025780-110216": 1750771422.7074566, "1281025780-110229": 1750778200.6365736, "2213133113-50": 1750779599.3323112, "2213133113-23": 1750779599.602179, "2213133113-13": 1750779599.8549557, "2213133113-10": 1750779600.211874, "2213133113-3": 1750779600.436513, "2297490495-8519": 1750829402.9594913, "1281025780-110253": 1750829403.6361172, "2213133113-1891": 1750834705.5520043, "2213133113-1888": 1750834705.7226818, "2213133113-1887": 1750834705.890411, "1281025780-110271": 1750843655.7265265, "1281025780-110285": 1750849862.17199, "2297490495-8560": 1750857981.990627, "2297490495-8556": 1750857982.239306, "1281025780-110296": 1750857982.866109, "1281025780-110303": 1750865182.0478988, "1281025780-110315": 1750872174.8173506, "2297490495-8593": 1750922054.9902062, "2213133113-1859": 1750926964.8098063, "2213133113-1858": 1750926964.9743774, "2213133113-1857": 1750926965.1616478, "2213133113-1856": 1750926965.3228617, "2213133113-1855": 1750926965.550759, "2213133113-1853": 1750926965.786835, "2213133113-1850": 1750926966.0413315, "2213133113-1849": 1750926966.3401678, "2297490495-8612": 1750929977.813757, "2297490495-8600": 1750929978.0760462, "1281025780-110365": 1750929978.765501, "1281025780-110364": 1750929978.9420862, "1281025780-110362": 1750929979.0941906, "1281025780-110361": 1750929979.2491887, "1281025780-110348": 1750929979.5091147, "2297490495-8613": 1750937084.4525027, "1281025780-110385": 1750937085.1870918, "1281025780-110384": 1750937085.4101534, "1281025780-110383": 1750937085.6385806, "1281025780-110377": 1750937085.8921843, "1281025780-110391": 1750943414.1731322, "1281025780-110449": 1751002051.6759908, "1281025780-110448": 1751002051.839187, "1281025780-110462": 1751189099.629644, "1281025780-110488": 1751195614.749405, "2297490495-8689": 1751202415.514859, "1281025780-110524": 1751217768.0215287, "1281025780-110535": 1751260394.315883, "1281025780-110534": 1751260394.4727488, "1281025780-110528": 1751260394.6194627, "2213133113-1880": 1751264894.8514874, "2213133113-1879": 1751264895.0839214, "2213133113-1878": 1751264895.28416, "1281025780-110536": 1751268130.7107606, "1281025780-110563": 1751282335.141027, "1281025780-110619": 1751297048.141615, "1281025780-110618": 1751297048.3859043, "1281025780-110617": 1751297048.576332}}