{"messages": {"1281025780-108848": 1748437800.516498, "1281025780-108842": 1748437800.7666886, "1281025780-108836": 1748437801.011254, "2213133113-1859": 1748504893.5855694, "2213133113-1858": 1748504893.7794554, "2213133113-1857": 1748504894.0052142, "2213133113-1856": 1748504894.2225559, "2213133113-1855": 1748504894.4208026, "2213133113-1853": 1748504894.6587422, "2213133113-1850": 1748504894.8742342, "2213133113-1849": 1748504895.107068, "1281025780-108911": 1748517279.030649, "1281025780-108930": 1748524694.9590375, "2297490495-6360": 1748531797.1611152, "1281025780-108964": 1748531797.978472, "1281025780-108973": 1748539541.2985358, "1281025780-108997": 1748675356.3044398, "1281025780-109002": 1748762139.71655, "2297490495-6425": 1748784777.6505156, "2213133113-1869": 1748929736.5648198, "2213133113-1868": 1748929736.8424976, "2213133113-1866": 1748929737.0299833, "2213133113-1864": 1748929737.2298114, "2213133113-1863": 1748929737.4388237, "2297490495-6474": 1748942205.7064154, "2297490495-6471": 1748942205.877488, "2297490495-6475": 1748949529.3631828, "1281025780-109077": 1748957352.5861838, "2213133113-50": 1748962545.8003798, "2213133113-23": 1748962545.981534, "2213133113-13": 1748962546.2312615, "2213133113-10": 1748962546.4559693, "2213133113-3": 1748962546.64566, "1281025780-109140": 1749029408.6388707, "2297490495-6566": 1749042521.2671247, "2297490495-6550": 1749042521.4262748, "1281025780-109182": 1749042521.9452207, "1281025780-109176": 1749042522.1551921, "1281025780-109175": 1749042522.3540468, "1281025780-109168": 1749042522.5364802}}