{"messages": {"2297490495-20192": 1767623742.222952, "1281025780-123044": 1767623742.925748, "1281025780-123059": 1767629784.9372215, "1281025780-123075": 1767638201.5807564, "2297490495-20217": 1767644853.6395087, "2213133113-10": 1767687535.9044127, "1281025780-123150": 1767708041.1978776, "2297490495-20280": 1767710085.9275036, "2297490495-20279": 1767710086.1262336, "2297490495-20293": 1767717651.3523345, "2213133113-50": 1767732465.5229332, "1281025780-123189": 1767773821.413495, "2213133113-1937": 1767788910.4052768, "1281025780-123238": 1767801621.6629894, "2297490495-20367": 1767804222.161866, "1281025780-123247": 1767811551.1210942, "2297490495-20379": 1767818065.1248934, "2297490495-20396": 1767867866.9515235, "1281025780-123297": 1767867867.6656795, "1281025780-123308": 1767873609.3739169, "2297490495-20427": 1767877507.2811286, "2297490495-20447": 1767881719.3646402, "2297490495-20441": 1767881719.6363437, "2297490495-20437": 1767881719.8927934, "1281025780-123365": 1767881720.587029, "1281025780-123357": 1767881720.824492, "1281025780-123334": 1767881721.0896182, "2297490495-20465": 1767890584.5429063, "1281025780-123378": 1767890585.260081, "1281025780-123377": 1767890585.5075054, "2297490495-20477": 1767940358.2751944, "1281025780-123401": 1767946527.497607, "2297490495-20510": 1768126330.3669813, "1281025780-123417": 1768126331.0259895, "1281025780-123416": 1768126331.223082, "2297490495-20541": 1768148848.7563548, "1281025780-123497": 1768200621.6555061, "2297490495-20581": 1768222645.906608, "1281025780-123547": 1768222646.5634131}}