{"messages": {"2213133113-50": 1769550334.5322056, "2297490495-21490": 1769589714.2585602, "1281025780-124745": 1769589714.9714725, "1281025780-124744": 1769589715.1791167, "2297490495-21509": 1769604892.8421283, "2213133113-1937": 1769608249.621773, "1281025780-124793": 1769610094.836048, "2297490495-21535": 1769633179.574868, "1281025780-124851": 1769666708.5494328, "1281025780-124837": 1769666708.7560883, "2297490495-21559": 1769690793.0705695, "1281025780-124889": 1769690793.695834, "1281025780-124887": 1769690793.9309201, "2297490495-21598": 1769713222.728964, "2297490495-21688": 1769799575.5833273, "2297490495-21678": 1769799575.8306284, "2297490495-21619": 1769799576.101016, "2297490495-21724": 1769932875.9795718, "1281025780-124953": 1769932876.451557, "2297490495-21745": 1769949325.251186, "2297490495-21806": 1770026482.3917127, "1281025780-125069": 1770041446.698355, "2297490495-21848": 1770049181.7437882, "1281025780-125093": 1770049182.2815607, "2297490495-21859": 1770073634.6698828, "1281025780-125122": 1770100263.8236303, "2213133113-10": 1770111641.438935, "2297490495-21896": 1770114254.5448487, "1281025780-125141": 1770121656.6518872}}