{"messages": {"1281025780-115369": 1757437782.6216025, "2213133113-50": 1757439648.312347, "2297490495-13303": 1757481933.437647, "1281025780-115377": 1757481934.000346, "2213133113-13": 1757481934.726382, "2297490495-13311": 1757488916.38114, "2297490495-13308": 1757488916.5925207, "2213133113-1891": 1757494255.901681, "2213133113-1888": 1757494256.107878, "2213133113-1887": 1757494256.281538, "1281025780-115398": 1757495545.8860836, "2297490495-13345": 1757511130.1349816, "2297490495-13366": 1757517265.0385795, "1281025780-115457": 1757517265.6318643, "2297490495-13389": 1757531426.986502, "2297490495-13385": 1757531427.298232, "2297490495-13378": 1757531427.5421276, "2213133113-1927": 1757571208.9088805, "2213133113-1926": 1757571209.1108096, "2213133113-1925": 1757571209.2896862, "2213133113-1923": 1757571209.492193, "2213133113-1921": 1757571209.6867402, "2213133113-1920": 1757571209.8913777, "2213133113-1917": 1757571210.0939436, "2297490495-13418": 1757582798.6570296, "2297490495-13414": 1757582798.8411424, "1281025780-115490": 1757582799.414942, "1281025780-115485": 1757582799.5800328, "1281025780-115480": 1757582799.762427, "2297490495-13475": 1757596394.6667075, "2297490495-13473": 1757596394.9585354, "2297490495-13467": 1757596395.2172964, "1281025780-115519": 1757596395.8441887, "2297490495-13490": 1757603552.4984038, "1281025780-115545": 1757603553.2227013, "1281025780-115541": 1757603553.450916, "1281025780-115540": 1757603553.6752284, "1281025780-115538": 1757603553.8973248, "1281025780-115534": 1757603554.1318626, "2297490495-13495": 1757610742.9484432, "2213133113-23": 1757661828.0266244, "1281025780-115582": 1757690219.183637, "2213133113-10": 1757745211.9524775, "1281025780-115588": 1757748016.0509026, "1281025780-115587": 1757748016.2525811, "2297490495-13541": 1757826939.485715, "2297490495-13535": 1757826939.7051032, "2297490495-13534": 1757826939.9316552, "2297490495-13545": 1757834446.11855, "1281025780-115628": 1757834446.6978152, "2297490495-13550": 1757841270.8382537, "1281025780-115631": 1757841271.3364437, "2297490495-13566": 1757848252.9121401, "1281025780-115658": 1757848253.47474, "1281025780-115650": 1757848253.6751223, "2213133113-1915": 1757849755.687008, "2213133113-1913": 1757849755.898193, "2213133113-1912": 1757849756.0748115, "2213133113-1910": 1757849756.2919865, "2213133113-1909": 1757849756.5108376, "2213133113-1905": 1757849756.7345035, "2213133113-1904": 1757849756.9484956, "2213133113-1903": 1757849757.2085223, "2213133113-1902": 1757849757.3817573, "2213133113-1901": 1757849757.6570227, "2213133113-1899": 1757849757.922912, "2297490495-13581": 1757855400.4532287, "2297490495-13574": 1757855400.702051, "1281025780-115671": 1757855401.2518604, "1281025780-115670": 1757855401.463031, "2297490495-13590": 1757862512.0311744, "2297490495-13602": 1757921018.3319373, "2297490495-13615": 1757928201.5973496, "2297490495-13607": 1757928201.802936, "1281025780-115739": 1757928202.306557, "1281025780-115729": 1757928202.4853654, "2213133113-1880": 1757929272.6392186, "2213133113-1879": 1757929272.877661, "2213133113-1878": 1757929273.150209, "2297490495-13626": 1757934528.3039355, "2297490495-13639": 1757941269.3652325, "1281025780-115777": 1757941270.1588502, "2297490495-13650": 1757949501.086041, "1281025780-115799": 1757956026.4392264, "2297490495-13666": 1757963990.5992243, "2297490495-13664": 1757963990.947062, "1281025780-115810": 1758000015.1662507, "1281025780-115806": 1758000015.4164982, "1281025780-115805": 1758000015.639852, "2297490495-13676": 1758007059.9330368, "2297490495-13675": 1758007060.170938, "2297490495-13674": 1758007060.4027588, "2297490495-13712": 1758014934.4374096, "2297490495-13687": 1758014934.6725376, "1281025780-115824": 1758014935.2488592, "1281025780-115822": 1758014935.4567082, "1281025780-115812": 1758014935.6555765, "2297490495-13750": 1758027682.4155588, "2297490495-13741": 1758027682.648622, "2297490495-13739": 1758027682.9052925, "2297490495-13738": 1758027683.168796, "2297490495-13737": 1758027683.4079304, "1281025780-115853": 1758027684.3799605, "2213133113-1895": 1758030547.173836, "1281025780-115872": 1758036320.524052}}