{"messages": {"2297490495-14367": 1759231346.3804872, "1281025780-116531": 1759231346.901525, "2297490495-14380": 1759239096.3210342, "1281025780-116554": 1759239096.9011223, "2213133113-50": 1759256710.1290345, "2213133113-1887": 1759310827.6765535, "2213133113-1926": 1759388109.3128994, "2213133113-1925": 1759388109.5867176, "2213133113-1923": 1759388109.7980235, "2213133113-1921": 1759388109.9910994, "2213133113-1920": 1759388110.1838021, "2213133113-1917": 1759388110.3754356, "2297490495-14431": 1759424404.4803188, "1281025780-116663": 1759554837.0477629, "2213133113-10": 1759561040.242, "2213133113-1915": 1759665158.858589, "2213133113-1913": 1759665159.083201, "2213133113-1910": 1759665159.2953339, "2213133113-1909": 1759665159.5140452, "2213133113-1904": 1759665159.7275915, "2213133113-1902": 1759665159.9308987, "2213133113-1899": 1759665160.142711, "2297490495-14596": 1759677093.996636, "2297490495-14692": 1759727532.0426884, "1281025780-116838": 1759727532.6744092, "2297490495-14707": 1759743027.4110076, "2213133113-1879": 1759746360.9012709}}