{"messages": {"2213133113-1859": 1749716712.1503546, "2213133113-1858": 1749716712.3294587, "2213133113-1857": 1749716712.506539, "2213133113-1856": 1749716712.6705003, "2213133113-1855": 1749716712.8516815, "2213133113-1853": 1749716713.0861413, "2213133113-1850": 1749716713.3096354, "2213133113-1849": 1749716713.503912, "2297490495-6974": 1749719469.5765543, "1281025780-109677": 1749719470.3231337, "1281025780-109675": 1749719470.5873618, "1281025780-109666": 1749719470.7781646, "2297490495-6995": 1749726618.5210433, "1281025780-109699": 1749726618.9964406, "1281025780-109695": 1749726619.2239559, "1281025780-109692": 1749726619.4219465, "2297490495-7001": 1749734465.3908172, "1281025780-109728": 1749740921.5078924, "2297490495-7199": 1749756424.244455, "2297490495-7198": 1749756424.4654045, "2297490495-7196": 1749756424.6775563, "2297490495-7185": 1749756424.8772085, "2297490495-7184": 1749756425.0982158, "2297490495-7183": 1749756425.3449264, "2297490495-7182": 1749756425.5927396, "2297490495-7181": 1749756425.8653753, "2297490495-7170": 1749756426.0952504, "2297490495-7138": 1749756426.3767462, "2297490495-7371": 1749757201.0038009, "2297490495-7625": 1749757880.0457523, "2297490495-7624": 1749757880.2480626, "2297490495-7598": 1749757880.4740844, "2297490495-7588": 1749757880.6607566, "2297490495-7972": 1749759266.8428755, "2297490495-8114": 1749965248.57292, "2297490495-8159": 1750001147.9072917, "2297490495-8191": 1750072322.5022836, "2297490495-8188": 1750072322.7046652, "1281025780-109826": 1750080259.4630387, "2213133113-1869": 1750139870.5705705, "2213133113-1868": 1750139870.745121, "2213133113-1866": 1750139870.9480903, "2213133113-1864": 1750139871.1400294, "2213133113-1863": 1750139871.3289835, "1281025780-109853": 1750151596.2650468, "2297490495-8219": 1750173938.0413756, "1281025780-109899": 1750173938.7553017, "2213133113-50": 1750173939.7038822, "2213133113-23": 1750173940.040859, "2213133113-13": 1750173940.2584481, "2213133113-10": 1750173940.4643126, "2213133113-3": 1750173940.6995916, "1281025780-109916": 1750224235.0774262, "1281025780-109914": 1750224235.2318892, "1281025780-109912": 1750224235.3880043, "2297490495-8236": 1750239074.0635936, "2297490495-8235": 1750239074.4082673, "1281025780-109948": 1750252927.8434896, "1281025780-109943": 1750252928.1041634, "2297490495-8257": 1750259902.8033867}}