{"messages": {"1281025780-117474": 1760974026.1877675, "1281025780-117458": 1760974026.389843, "2297490495-15447": 1760981023.396109, "2297490495-15431": 1760981023.852034, "2297490495-15430": 1760981024.1990933, "1281025780-117502": 1761023590.5069165, "2213133113-10": 1761026193.2238562, "1281025780-117537": 1761044878.6127768, "2297490495-15511": 1761059915.118044, "2297490495-15510": 1761059915.4112813, "2297490495-15509": 1761059915.7772708, "1281025780-117601": 1761059916.5037708, "1281025780-117600": 1761059916.7288597, "1281025780-117598": 1761059916.934777, "1281025780-117592": 1761059917.1196415, "1281025780-117588": 1761059917.3219197, "2213133113-50": 1761072752.0323942, "2297490495-15526": 1761073941.830933, "1281025780-117638": 1761117731.934668, "2297490495-15552": 1761125356.210468, "2213133113-1887": 1761126336.9770024, "2213133113-1937": 1761130087.6355572, "2297490495-15588": 1761138351.2440674, "1281025780-117719": 1761145797.6348562, "1281025780-117710": 1761145797.9143324, "2297490495-15608": 1761153396.0779908, "1281025780-117726": 1761153396.9601235, "2297490495-15613": 1761196287.627998, "1281025780-117736": 1761196288.1043522, "1281025780-117734": 1761196288.307319, "1281025780-117733": 1761196288.4785144, "1281025780-117732": 1761196288.6534703, "1281025780-117731": 1761196288.8381763, "2213133113-1926": 1761204834.3548305, "2213133113-1925": 1761204834.5563762, "2213133113-1923": 1761204834.765942, "2213133113-1921": 1761204834.9645803, "2213133113-1920": 1761204835.1734235, "2213133113-1917": 1761204835.3712525, "1281025780-117795": 1761226634.573329, "1281025780-117850": 1761282787.4642763, "1281025780-117859": 1761304711.3734236, "1281025780-117866": 1761326712.8840044, "2297490495-15723": 1761480998.837958, "2213133113-1915": 1761483364.9509497, "2213133113-1913": 1761483365.1226528, "2213133113-1910": 1761483365.294254, "2213133113-1909": 1761483365.4745338, "2213133113-1904": 1761483365.671698, "2213133113-1902": 1761483365.8396096, "2213133113-1899": 1761483366.0672665, "2297490495-15759": 1761552017.6999311, "2297490495-15766": 1761560885.1686816, "1281025780-117971": 1761560885.8340993}}