{"messages": {"1281025780-119883": 1763655607.9206285, "1281025780-119882": 1763655608.1369123, "1281025780-119908": 1763705963.9151793, "2297490495-17475": 1763719822.874364, "1281025780-119983": 1763719823.4328632, "2297490495-17477": 1763728294.848267, "1281025780-120006": 1763886141.1826007, "2297490495-17534": 1763907257.469944, "1281025780-120062": 1763923011.1713662, "2297490495-17577": 1763980451.7631721, "2297490495-17576": 1763980451.9642425, "2297490495-17605": 1763993737.7364137, "2213133113-10": 1764054725.9244392, "2297490495-17678": 1764066838.7935371, "2297490495-17682": 1764075322.9477494, "2213133113-50": 1764099715.875906, "1281025780-120146": 1764139457.5667791, "1281025780-120137": 1764139457.7367992, "1281025780-120124": 1764139457.9028254, "1281025780-120095": 1764139458.0908413, "1281025780-120092": 1764139458.2929938, "1281025780-120211": 1764145642.6702933, "1281025780-120210": 1764145642.8358564, "1281025780-120155": 1764145643.001936, "2213133113-1937": 1764157035.802659, "2297490495-17764": 1764162038.753897, "2297490495-17815": 1764224311.6604352, "1281025780-120269": 1764224312.1318805, "1281025780-120260": 1764224312.289406, "1281025780-120240": 1764224312.45321, "2213133113-1926": 1764230245.5100584, "2213133113-1925": 1764230245.7812078, "2213133113-1923": 1764230246.027203, "2213133113-1921": 1764230246.29448, "2213133113-1920": 1764230246.557993, "2213133113-1917": 1764230246.7879045, "2297490495-17851": 1764239314.5398629, "1281025780-120361": 1764239315.1496458}}