{"messages": {"2297490495-28889": 1781704413.1710975, "1281025780-131764": 1781715181.770197, "1281025780-131744": 1781715181.9870155, "1281025780-131717": 1781715182.2217555, "1281025780-131781": 1781780059.8996363, "1281025780-131813": 1781791774.2360525, "1281025780-131826": 1781803733.3077476, "2297490495-28970": 1781854428.2434912, "2297490495-28969": 1781854428.4665034, "2297490495-29047": 1782127164.6805866, "2297490495-29073": 1782144383.4231038, "2297490495-29121": 1782215223.8709207, "2213133113-10": 1782260133.9304535, "2297490495-29169": 1782299939.6637714, "2297490495-29164": 1782299939.8827612, "1281025780-132031": 1782299940.6182818, "1281025780-132053": 1782307901.5299356}}