{"messages": {"2213133113-10": 1774965459.058915, "2297490495-24917": 1774969962.568072, "1281025780-128354": 1774977397.8203442}}