{"messages": {"2297490495-29073": 1782144383.4231038, "2297490495-29121": 1782215223.8709207, "2213133113-10": 1782260133.9304535, "2297490495-29169": 1782299939.6637714, "2297490495-29164": 1782299939.8827612, "1281025780-132031": 1782299940.6182818, "1281025780-132053": 1782307901.5299356, "2297490495-29291": 1782658042.9384148, "2297490495-29303": 1782667341.9938245, "1281025780-132233": 1782746433.1779528}}