{"messages": {"2213133113-10": 1784094957.1274185, "1281025780-133221": 1784461313.2522562, "1281025780-133262": 1784533940.9108443, "1281025780-133294": 1784552233.3901472, "1281025780-133353": 1784633384.7977462}}