{"messages": {"2297490495-4297": 1745781622.417969, "2297490495-4304": 1745825844.1657615, "1281025780-106743": 1745825844.7798579, "1281025780-106756": 1745834830.7444828, "1281025780-106750": 1745834830.9389057, "1281025780-106746": 1745834831.1096332, "2297490495-4314": 1745847009.7782166, "1281025780-106800": 1745847010.475374, "1281025780-106785": 1745847010.6387718, "1281025780-106784": 1745847010.848807, "2297490495-4319": 1745854099.8736866, "1281025780-106824": 1745854100.3796995, "1281025780-106814": 1745854100.558047, "2297490495-4329": 1745918924.630644, "1281025780-106855": 1745918925.0653, "1281025780-106846": 1745918925.217434, "2297490495-4345": 1745933871.6115406, "1281025780-106889": 1745933872.1264353, "1281025780-106882": 1745933872.2792766, "2213133113-50": 1745934824.5839505, "2213133113-23": 1745934824.745249, "2213133113-13": 1745934824.9216058, "2213133113-10": 1745934825.082998, "2213133113-3": 1745934825.2636313, "1281025780-106904": 1745939824.6107056, "1281025780-106900": 1745939824.832097, "2297490495-4617": 1745953822.1934195, "2297490495-4616": 1745953822.3940341, "2297490495-4610": 1745953822.5755403, "2297490495-4650": 1746169952.112166, "1281025780-106967": 1746206364.5343869, "2297490495-4695": 1746336360.0473657, "1281025780-106978": 1746336360.7145412, "2297490495-4697": 1746343326.6991076, "1281025780-106985": 1746350692.4465954, "1281025780-106980": 1746350692.6224408, "1281025780-107021": 1746363839.2311492, "1281025780-107017": 1746363839.4264991, "1281025780-107036": 1746372295.7790425}}