{"messages": {"1281025780-132233": 1782746433.1779528, "2297490495-29361": 1782799415.391972, "1281025780-132268": 1782799416.1452818, "1281025780-132306": 1782830768.8534334, "1281025780-132305": 1782830769.085622, "2297490495-29396": 1782838606.8465092, "1281025780-132321": 1782838607.4284182, "1281025780-132315": 1782838607.7910051, "2213133113-10": 1782871039.5919554, "2297490495-29435": 1782912010.2084548, "1281025780-132415": 1782988539.1044436, "1281025780-132452": 1783011045.3262973, "1281025780-132449": 1783011045.5516636, "2297490495-29653": 1783245533.2818165, "1281025780-132494": 1783245534.1425326, "1281025780-132537": 1783271494.0528057, "2297490495-29691": 1783335609.685739, "2297490495-29704": 1783348360.383196}}