{"messages": {"2297490495-11113": 1754637225.625477, "2297490495-11112": 1754637225.8193514, "2297490495-11110": 1754637226.0116885, "2297490495-11100": 1754637226.1828399, "2297490495-11099": 1754637226.3570127, "2297490495-11098": 1754637226.550289, "2297490495-11097": 1754637226.7382822, "2297490495-11096": 1754637226.9295366, "2297490495-11079": 1754637227.0904872, "2297490495-11064": 1754637227.284888, "2297490495-11063": 1754637227.4814553, "2297490495-11048": 1754637227.6665502, "2297490495-11047": 1754637227.8538837, "2297490495-11137": 1754817326.3021467, "2213133113-1915": 1754823567.1918921, "2213133113-1913": 1754823567.4485018, "2213133113-1912": 1754823567.6965072, "2213133113-1910": 1754823567.9301136, "2213133113-1909": 1754823568.1932251, "2213133113-1905": 1754823568.4460945, "2213133113-1904": 1754823568.6693947, "2213133113-1903": 1754823568.9089174, "2213133113-1902": 1754823569.144231, "2213133113-1901": 1754823569.3633356, "2213133113-1899": 1754823569.5880208, "2297490495-11175": 1754896466.1963222, "1281025780-113567": 1754896466.6529431, "2213133113-1880": 1754898845.6381898, "2213133113-1879": 1754898845.8153832, "2213133113-1878": 1754898845.9805357, "2297490495-11197": 1754911534.6399162, "1281025780-113601": 1754911535.1467054, "2297490495-11203": 1754918764.9044855, "1281025780-113626": 1754918765.4230182, "1281025780-113610": 1754918765.6112216, "1281025780-113629": 1754925159.2350128, "2297490495-11223": 1754932775.0137362, "1281025780-113666": 1754932775.518058, "1281025780-113651": 1754932775.7273247, "2297490495-11235": 1754983274.246743, "2297490495-11234": 1754983274.4002013, "2213133113-1869": 1754984359.8863685, "2213133113-1868": 1754984360.1871238, "2213133113-1866": 1754984360.4276662, "2213133113-1864": 1754984360.623936, "2213133113-1863": 1754984360.8331954, "1281025780-113695": 1754989237.5039644, "1281025780-113693": 1754989237.678811, "1281025780-113687": 1754989237.862813, "2297490495-11242": 1754991136.952843, "1281025780-113703": 1754991137.4500427, "1281025780-113715": 1754997085.8264468, "2213133113-1895": 1755002930.895551, "2297490495-11261": 1755005156.3363159, "2297490495-11257": 1755005156.5589054, "1281025780-113744": 1755005157.2164567, "1281025780-113750": 1755012281.2677627, "2297490495-11275": 1755019350.4860778, "2297490495-11274": 1755019350.6768427, "2213133113-50": 1755019351.7782543, "2297490495-11306": 1755070175.2681968, "2213133113-1891": 1755071803.0223858, "2213133113-1888": 1755071803.2221725, "2213133113-1887": 1755071803.398791, "1281025780-113810": 1755077408.947886, "1281025780-113825": 1755083462.3021002, "2297490495-11331": 1755092109.6477084, "2297490495-11326": 1755092109.8762965, "1281025780-113847": 1755092110.4323375, "2297490495-11392": 1755096353.5067825, "2297490495-11391": 1755096353.6943603, "2297490495-11352": 1755096353.8781831, "2297490495-11351": 1755096354.0400958, "2297490495-11350": 1755096354.2009985, "2297490495-11348": 1755096354.3695543, "1281025780-113863": 1755098790.009936, "1281025780-113862": 1755098790.23268, "1281025780-113861": 1755098790.4702294, "1281025780-113880": 1755105319.855256, "1281025780-113879": 1755105320.0374596, "2213133113-1927": 1755149744.8995938, "2213133113-1926": 1755149745.0540702, "2213133113-1925": 1755149745.214467, "2213133113-1923": 1755149745.3815575, "2213133113-1921": 1755149745.5270503, "2213133113-1920": 1755149745.6808572, "2213133113-1917": 1755149745.834987, "2213133113-1859": 1755164927.3469546, "2213133113-1858": 1755164927.5054443, "2213133113-1857": 1755164927.6692438, "2213133113-1856": 1755164927.830717, "2213133113-1855": 1755164927.9891884, "2213133113-1853": 1755164928.1726081, "2213133113-1850": 1755164928.3295324, "2213133113-1849": 1755164928.4782221, "1281025780-113931": 1755170009.7112114, "1281025780-113930": 1755170009.9010332, "1281025780-113937": 1755178695.302284, "1281025780-113961": 1755185386.2348802}}