{"messages": {"2297490495-27129": 1778755027.4146864, "1281025780-130025": 1778755028.239417, "2297490495-27150": 1778770834.7847412, "2297490495-27254": 1779031873.6943052, "1281025780-130163": 1779039374.5205505, "2297490495-27281": 1779099742.8153877, "1281025780-130193": 1779099743.4038203, "2297490495-27314": 1779123238.1517408, "1281025780-130242": 1779123239.1073997, "1281025780-130287": 1779195080.532494, "2213133113-10": 1779221238.22131, "2297490495-27451": 1779284329.317785}}