{"messages": {"2297490495-19106": 1765873016.9753375, "2297490495-19119": 1765881195.238506, "2297490495-19117": 1765881195.4297078, "1281025780-121653": 1765881195.9766955, "2297490495-19149": 1765893711.3660305, "1281025780-121687": 1765893711.9276316, "1281025780-121684": 1765893712.1603162, "1281025780-121672": 1765893712.3888671, "2213133113-50": 1765915890.019058, "2213133113-1937": 1765972166.2212117, "1281025780-121767": 1765973884.7551482, "2297490495-19261": 1765989733.5030146, "2297490495-19280": 1766046273.4236503, "2297490495-19276": 1766046273.5869088, "1281025780-121880": 1766075965.6234524, "2297490495-19336": 1766297769.542326, "2297490495-19431": 1766305473.2645824, "2297490495-19438": 1766312589.747814, "2297490495-19458": 1766320791.2144556, "2297490495-19471": 1766326455.476335, "1281025780-122029": 1766421055.343271, "2213133113-10": 1766476087.0672061}}