{"messages": {"1281025780-108278": 1747754392.7271194, "1281025780-108275": 1747754392.9132266, "1281025780-108269": 1747754393.1011665, "1281025780-108304": 1747819763.767022, "1281025780-108319": 1747826567.9383214, "2297490495-5852": 1747834417.381603, "1281025780-108364": 1747840664.8009837, "2213133113-1859": 1747899843.8221734, "2213133113-1858": 1747899844.0105395, "2213133113-1857": 1747899844.2005882, "2213133113-1856": 1747899844.4318147, "2213133113-1855": 1747899844.617013, "2213133113-1853": 1747899844.8090582, "2213133113-1850": 1747899845.0060132, "2213133113-1849": 1747899845.2051158, "1281025780-108392": 1747906143.7430525, "2297490495-5887": 1747912959.1994154, "1281025780-108400": 1747912959.74562, "2297490495-5905": 1747920810.7453046, "2297490495-5903": 1747920810.9624276, "2297490495-5902": 1747920811.4096682, "2297490495-5898": 1747920811.668608, "1281025780-108442": 1747920812.308064, "1281025780-108441": 1747920812.5081718, "1281025780-108440": 1747920812.7301428, "1281025780-108438": 1747920812.9162252, "2297490495-5909": 1747927075.7800195, "1281025780-108459": 1747927076.3557239, "1281025780-108458": 1747927076.5454235, "1281025780-108466": 1747977314.8974783, "2297490495-5957": 1748149795.4183671, "2297490495-5968": 1748164645.5075998, "2297490495-5960": 1748164645.669069, "1281025780-108496": 1748164646.1346064, "1281025780-108489": 1748164646.294788, "1281025780-108521": 1748171302.7901814, "1281025780-108501": 1748171303.0233557, "2297490495-5991": 1748186389.6067636, "1281025780-108552": 1748186390.7054915, "1281025780-108569": 1748192416.5623744, "2297490495-6034": 1748244251.9737592, "2297490495-6075": 1748251933.0037131, "1281025780-108593": 1748251933.5520952, "1281025780-108592": 1748251933.7702873, "2297490495-6080": 1748258843.9765325, "1281025780-108624": 1748264791.7483938, "2297490495-6106": 1748272334.1050868, "1281025780-108659": 1748279489.4294639, "2213133113-1869": 1748324611.575647, "2213133113-1868": 1748324611.7608147, "2213133113-1866": 1748324611.931303, "2213133113-1864": 1748324612.0843523, "2213133113-1863": 1748324612.2552934, "2297490495-6135": 1748337456.324982, "1281025780-108688": 1748337456.8126056, "1281025780-108685": 1748337457.0162275, "1281025780-108722": 1748344427.8354242, "1281025780-108717": 1748344428.0609586, "1281025780-108714": 1748344428.34117, "1281025780-108713": 1748344428.5869327, "1281025780-108743": 1748352068.7358863, "1281025780-108741": 1748352069.0697546, "2213133113-50": 1748357258.6906776, "2213133113-23": 1748357258.8776944, "2213133113-13": 1748357259.1332161, "2213133113-10": 1748357259.3339865, "2213133113-3": 1748357259.5474489}}