{"messages": {"1281025780-107911": 1747293716.5750997, "1281025780-107909": 1747293716.7557287, "2213133113-1859": 1747294634.3686771, "2213133113-1858": 1747294634.5930068, "2213133113-1857": 1747294634.8217907, "2213133113-1856": 1747294635.0481808, "2213133113-1855": 1747294635.2619019, "2213133113-1853": 1747294635.4800858, "2213133113-1850": 1747294635.7043738, "2213133113-1849": 1747294635.926273, "2297490495-5501": 1747300779.454734, "2297490495-5515": 1747307688.2546031, "1281025780-107948": 1747307688.7316575, "1281025780-107984": 1747322245.3230867, "2297490495-5555": 1747323456.8241289, "2297490495-5554": 1747323457.0198774, "2297490495-5553": 1747323457.1958168, "2297490495-5552": 1747323457.3686404, "2297490495-5547": 1747323457.5697577, "2297490495-5631": 1747552383.6345868, "2297490495-5630": 1747552383.8651874, "2297490495-5629": 1747552384.0706627, "2297490495-5641": 1747559554.3294702, "1281025780-108022": 1747559555.0242884, "1281025780-108015": 1747559555.282406, "1281025780-108066": 1747574817.8183584, "1281025780-108051": 1747574818.0745094, "2297490495-5667": 1747581737.3750782, "2297490495-5666": 1747581737.5688114, "2297490495-5665": 1747581737.7379081, "1281025780-108091": 1747581738.23411, "1281025780-108090": 1747581738.3990939, "2297490495-5687": 1747632020.4293907, "1281025780-108147": 1747653350.593786, "2297490495-5711": 1747660857.2521415, "2297490495-5709": 1747660857.4291532, "2297490495-5745": 1747717742.1629043, "2213133113-1869": 1747719218.439025, "2213133113-1868": 1747719218.6633356, "2213133113-1866": 1747719218.9146097, "2213133113-1864": 1747719219.1371648, "2213133113-1863": 1747719219.3494499, "2297490495-5755": 1747733389.8437264, "2297490495-5795": 1747748175.5485046, "2297490495-5784": 1747748175.7493987, "1281025780-108261": 1747748176.3207903, "1281025780-108255": 1747748176.5530336, "1281025780-108248": 1747748176.8125174, "1281025780-108242": 1747748177.0263689, "2213133113-50": 1747752049.6383164, "2213133113-23": 1747752049.8091345, "2213133113-13": 1747752049.9894662, "2213133113-10": 1747752050.154252, "2213133113-3": 1747752050.3414805, "1281025780-108278": 1747754392.7271194, "1281025780-108275": 1747754392.9132266, "1281025780-108269": 1747754393.1011665, "1281025780-108304": 1747819763.767022, "1281025780-108319": 1747826567.9383214, "2297490495-5852": 1747834417.381603, "1281025780-108364": 1747840664.8009837}}