{"messages": {"2213133113-1887": 1759915705.5623221, "2213133113-1937": 1759918825.7164943, "2297490495-14773": 1759921860.7877808, "1281025780-116885": 1759921861.6356368, "2213133113-1926": 1759993974.5449293, "2213133113-1925": 1759993974.7505472, "2213133113-1923": 1759993974.9629464, "2213133113-1921": 1759993975.1611767, "2213133113-1920": 1759993975.3663473, "2213133113-1917": 1759993975.5721502, "2297490495-14844": 1760002096.154168, "1281025780-116924": 1760008325.4360306, "1281025780-116960": 1760023311.1045997, "2297490495-14885": 1760094528.501662, "2297490495-14922": 1760260716.9792864, "2297490495-14933": 1760267757.0339649, "1281025780-117025": 1760267757.5971801, "2213133113-1915": 1760271645.7759354, "2213133113-1913": 1760271646.1033857, "2213133113-1910": 1760271646.340891, "2213133113-1909": 1760271646.6297615, "2213133113-1904": 1760271646.8736916, "2213133113-1902": 1760271647.1233215, "2213133113-1899": 1760271647.357128, "1281025780-117042": 1760282614.968926, "1281025780-117041": 1760282615.1885302, "2297490495-14958": 1760296152.806055, "2213133113-1879": 1760352220.8529203, "2297490495-14982": 1760376288.039229, "2213133113-50": 1760467746.3578103}}