{"messages": {"1281025780-131057": 1780488393.4254396, "1281025780-131050": 1780488393.6109223, "2297490495-28222": 1780550221.073667, "1281025780-131178": 1780639433.581942, "1281025780-131207": 1780832981.1476805, "2297490495-28518": 1781013725.9081364, "2213133113-10": 1781045112.0575957}}