{"messages": {"1281025780-131178": 1780639433.581942, "1281025780-131207": 1780832981.1476805, "2297490495-28518": 1781013725.9081364, "2213133113-10": 1781045112.0575957, "2297490495-28580": 1781107042.178032, "2297490495-28630": 1781182675.2454882}}