{"messages": {"2297490495-23938": 1773162634.3956194, "1281025780-127214": 1773162635.0337405, "2297490495-23960": 1773218307.2552204, "2297490495-24033": 1773312279.7881758, "2297490495-24032": 1773312280.0114157, "1281025780-127324": 1773312280.5384853, "1281025780-127380": 1773340178.2636552, "2297490495-24092": 1773420121.0918198, "2297490495-24148": 1773591302.209701, "1281025780-127454": 1773598963.9123785, "2297490495-24216": 1773681179.3156538, "1281025780-127518": 1773681179.8793414, "2213133113-10": 1773753231.5852013}}