{"messages": {"2297490495-21252": 1769336596.0775957, "2297490495-21292": 1769351252.3183608, "1281025780-124530": 1769358753.7176073, "2297490495-21350": 1769437576.828708, "1281025780-124592": 1769437577.4456165, "1281025780-124590": 1769437577.6598706, "2297490495-21380": 1769451381.1008506, "1281025780-124624": 1769451381.7574065, "1281025780-124636": 1769495119.6971579, "2213133113-10": 1769504467.424272, "1281025780-124647": 1769508077.5986316, "1281025780-124715": 1769529691.471774, "2297490495-21479": 1769532304.2229295, "2213133113-50": 1769550334.5322056, "2297490495-21490": 1769589714.2585602, "1281025780-124745": 1769589714.9714725, "1281025780-124744": 1769589715.1791167, "2297490495-21509": 1769604892.8421283, "2213133113-1937": 1769608249.621773, "1281025780-124793": 1769610094.836048, "2297490495-21535": 1769633179.574868, "1281025780-124851": 1769666708.5494328, "1281025780-124837": 1769666708.7560883, "2297490495-21559": 1769690793.0705695, "1281025780-124889": 1769690793.695834, "1281025780-124887": 1769690793.9309201, "2297490495-21598": 1769713222.728964, "2297490495-21688": 1769799575.5833273, "2297490495-21678": 1769799575.8306284, "2297490495-21619": 1769799576.101016, "2297490495-21724": 1769932875.9795718, "1281025780-124953": 1769932876.451557}}