{"messages": {"2213133113-10": 1774360097.8413908, "2297490495-24580": 1774371186.3967159, "2297490495-24593": 1774385162.8357527, "1281025780-127859": 1774631179.2688498, "1281025780-127977": 1774677121.5944636, "2297490495-24841": 1774885412.353634}}