{"messages": {"2297490495-25699": 1776596680.5159059, "1281025780-128628": 1776619245.0029917, "1281025780-128612": 1776619245.2120302, "1281025780-128602": 1776619245.403059, "1281025780-128650": 1776682527.260983, "2297490495-25792": 1776694135.5703614, "1281025780-128685": 1776694136.179377, "1281025780-128737": 1776749543.4829361, "1281025780-128755": 1776771927.9888585, "1281025780-128754": 1776771928.2084775, "2213133113-10": 1776786764.2058198, "1281025780-128778": 1776935031.7234483, "2297490495-25913": 1776944785.314902, "1281025780-128810": 1776944786.1279278, "1281025780-128802": 1776944786.355475, "2297490495-25926": 1776956609.16975, "2297490495-25970": 1777183370.285815}}