{"messages": {"2297490495-4938": 1746710617.828026, "1281025780-107416": 1746710618.5650747, "2297490495-4949": 1746775530.6411405, "2297490495-5076": 1746797909.922032, "2297490495-5070": 1746797910.1825454, "2297490495-5042": 1746797910.4649403, "2297490495-5100": 1746804530.0122085, "1281025780-107465": 1746875335.669046, "2297490495-5126": 1746955137.7792842, "2297490495-5118": 1746955138.0096643, "1281025780-107472": 1746955138.6472082, "1281025780-107488": 1746961896.016617, "2297490495-5158": 1747027610.8649971, "2297490495-5167": 1747034413.5327063, "2297490495-5166": 1747034413.7065403, "2297490495-5187": 1747041794.0368848, "2297490495-5186": 1747041794.407932, "2297490495-5185": 1747041794.7930858, "2297490495-5184": 1747041795.0489914, "2297490495-5183": 1747041795.274316, "2297490495-5182": 1747041795.5048141, "2297490495-5181": 1747041795.7256727, "2297490495-5180": 1747041795.958797, "2297490495-5179": 1747041796.1798618, "2297490495-5178": 1747041796.4019287, "2297490495-5175": 1747041796.6274478, "1281025780-107578": 1747041797.4292886, "1281025780-107573": 1747041797.647103, "1281025780-107605": 1747048618.531924, "1281025780-107604": 1747048618.834285, "1281025780-107632": 1747056016.6294012, "1281025780-107630": 1747056016.7884786, "1281025780-107680": 1747070108.5066807, "2297490495-5255": 1747113384.2012286, "2213133113-1869": 1747113385.5214653, "2213133113-1868": 1747113385.736354, "2213133113-1866": 1747113385.9498262, "2213133113-1864": 1747113386.1772523, "2213133113-1863": 1747113386.3883674, "2297490495-5278": 1747121167.4503772, "2297490495-5351": 1747135405.7860656, "2297490495-5350": 1747135406.0333884, "2297490495-5324": 1747135406.2778213, "1281025780-107754": 1747143420.6513138, "2213133113-50": 1747145869.6004624, "2213133113-23": 1747145869.8811562, "2213133113-13": 1747145870.132419, "2213133113-10": 1747145870.394221, "2213133113-3": 1747145870.7249355, "1281025780-107766": 1747149768.1627686, "2297490495-5366": 1747157133.385379, "2297490495-5373": 1747200454.2971659, "2297490495-5395": 1747207038.0484025, "1281025780-107817": 1747207038.5585496, "1281025780-107816": 1747207038.7425249, "1281025780-107836": 1747221111.9670174, "2297490495-5450": 1747228649.1965911, "1281025780-107871": 1747228649.6751573, "1281025780-107856": 1747228649.8420458, "1281025780-107911": 1747293716.5750997, "1281025780-107909": 1747293716.7557287, "2213133113-1859": 1747294634.3686771, "2213133113-1858": 1747294634.5930068, "2213133113-1857": 1747294634.8217907, "2213133113-1856": 1747294635.0481808, "2213133113-1855": 1747294635.2619019, "2213133113-1853": 1747294635.4800858, "2213133113-1850": 1747294635.7043738, "2213133113-1849": 1747294635.926273, "2297490495-5501": 1747300779.454734, "2297490495-5515": 1747307688.2546031, "1281025780-107948": 1747307688.7316575}}