{"messages": {"2297490495-17102": 1763302420.9777725, "1281025780-119540": 1763302421.6225712, "1281025780-119535": 1763302421.8452907, "2297490495-17120": 1763368117.3574753, "1281025780-119578": 1763368117.8527522, "1281025780-119614": 1763382080.200084, "2297490495-17194": 1763397465.976563, "1281025780-119671": 1763397467.0083158, "1281025780-119670": 1763397467.2632987, "2213133113-10": 1763448923.3292315, "2297490495-17223": 1763461954.8898706, "2297490495-17251": 1763469739.7362576, "2213133113-50": 1763494197.5657148, "2213133113-1937": 1763551512.8663893, "2297490495-17331": 1763555229.7727802, "2297490495-17347": 1763569722.2330325, "1281025780-119819": 1763569722.8215377, "2297490495-17381": 1763583295.1125703, "2213133113-1926": 1763624890.453291, "2213133113-1925": 1763624890.6395159, "2213133113-1923": 1763624890.8088043, "2213133113-1921": 1763624890.9732664, "2213133113-1920": 1763624891.155711, "2213133113-1917": 1763624891.3158345, "2297490495-17425": 1763634027.5779438, "2297490495-17430": 1763642548.8675203, "2297490495-17450": 1763648664.1323898, "1281025780-119883": 1763655607.9206285, "1281025780-119882": 1763655608.1369123, "1281025780-119908": 1763705963.9151793, "2297490495-17475": 1763719822.874364, "1281025780-119983": 1763719823.4328632, "2297490495-17477": 1763728294.848267, "1281025780-120006": 1763886141.1826007}}