{"messages": {"1281025780-126827": 1772519412.118268, "2213133113-10": 1772538595.7517605, "2297490495-23567": 1772548246.0284467, "1281025780-126889": 1772548246.563368, "2297490495-23648": 1772612730.247123, "2297490495-23647": 1772612730.4143245, "2297490495-23622": 1772612730.5677755, "2297490495-23709": 1772655791.4113595, "2297490495-23864": 1773059223.9704487, "1281025780-127125": 1773067066.906861}}