{"messages": {"2297490495-4799": 1746530574.6888843, "1281025780-107174": 1746530575.242716, "1281025780-107169": 1746530575.4217625, "1281025780-107167": 1746530575.6105335, "2297490495-4820": 1746538395.6060026, "2297490495-4811": 1746538395.8509457, "1281025780-107202": 1746538396.497987, "1281025780-107196": 1746538396.7188835, "2213133113-50": 1746540613.8124185, "2213133113-23": 1746540614.0027673, "2213133113-13": 1746540614.1960425, "2213133113-10": 1746540614.367302, "2213133113-3": 1746540614.556659, "2297490495-4824": 1746544619.7915714, "1281025780-107247": 1746544620.362391, "1281025780-107240": 1746544620.5669007, "1281025780-107231": 1746544620.8238447, "1281025780-107267": 1746595693.245423, "2297490495-4838": 1746602181.4384317, "2297490495-4837": 1746602181.6319299, "2297490495-4836": 1746602181.79058, "1281025780-107278": 1746609545.7678504, "2297490495-4861": 1746616500.3666208, "2297490495-4854": 1746616500.5891688, "2297490495-4853": 1746616500.8330097, "2297490495-4852": 1746616501.0927181, "2297490495-4851": 1746616501.3717186, "2297490495-4850": 1746616501.6001832, "2297490495-4849": 1746616501.827112, "2297490495-4848": 1746616502.0461414, "2297490495-4847": 1746616502.3132293, "1281025780-107286": 1746616503.0667343, "1281025780-107280": 1746616503.335713, "1281025780-107307": 1746630021.8336253, "1281025780-107306": 1746630022.0271282, "1281025780-107300": 1746630022.1951087, "1281025780-107317": 1746631810.9614885, "1281025780-107310": 1746631811.1471877, "2297490495-4893": 1746681553.2352896, "1281025780-107348": 1746681553.778606, "1281025780-107347": 1746681553.937631, "2297490495-4896": 1746689153.3614788, "1281025780-107359": 1746689153.9956417, "2213133113-1859": 1746689154.919221, "2213133113-1858": 1746689155.1650004, "2213133113-1857": 1746689155.3787065, "2213133113-1856": 1746689155.5988464, "2213133113-1855": 1746689155.8117797, "2213133113-1853": 1746689156.0299942, "2213133113-1850": 1746689156.2616465, "2213133113-1849": 1746689156.4871783, "2297490495-4922": 1746703235.7895312, "2297490495-4914": 1746703236.1210482, "1281025780-107405": 1746703236.8899372, "1281025780-107380": 1746703237.134077, "2297490495-4938": 1746710617.828026, "1281025780-107416": 1746710618.5650747, "2297490495-4949": 1746775530.6411405, "2297490495-5076": 1746797909.922032, "2297490495-5070": 1746797910.1825454, "2297490495-5042": 1746797910.4649403, "2297490495-5100": 1746804530.0122085, "1281025780-107465": 1746875335.669046, "2297490495-5126": 1746955137.7792842, "2297490495-5118": 1746955138.0096643, "1281025780-107472": 1746955138.6472082, "1281025780-107488": 1746961896.016617, "2297490495-5158": 1747027610.8649971, "2297490495-5167": 1747034413.5327063, "2297490495-5166": 1747034413.7065403, "2297490495-5187": 1747041794.0368848, "2297490495-5186": 1747041794.407932, "2297490495-5185": 1747041794.7930858, "2297490495-5184": 1747041795.0489914, "2297490495-5183": 1747041795.274316, "2297490495-5182": 1747041795.5048141, "2297490495-5181": 1747041795.7256727, "2297490495-5180": 1747041795.958797, "2297490495-5179": 1747041796.1798618, "2297490495-5178": 1747041796.4019287, "2297490495-5175": 1747041796.6274478, "1281025780-107578": 1747041797.4292886, "1281025780-107573": 1747041797.647103, "1281025780-107605": 1747048618.531924, "1281025780-107604": 1747048618.834285, "1281025780-107632": 1747056016.6294012, "1281025780-107630": 1747056016.7884786, "1281025780-107680": 1747070108.5066807, "2297490495-5255": 1747113384.2012286, "2213133113-1869": 1747113385.5214653, "2213133113-1868": 1747113385.736354, "2213133113-1866": 1747113385.9498262, "2213133113-1864": 1747113386.1772523, "2213133113-1863": 1747113386.3883674, "2297490495-5278": 1747121167.4503772}}