{"messages": {"2213133113-1891": 1753256911.8219802, "2213133113-1888": 1753256912.0504591, "2213133113-1887": 1753256912.2841258, "1281025780-112196": 1753261264.8363047, "1281025780-112193": 1753261265.1194398, "2297490495-10022": 1753278100.900929, "1281025780-112229": 1753278101.4630935, "1281025780-112246": 1753291907.9611182, "1281025780-112276": 1753349670.952807, "2213133113-1859": 1753349671.7886996, "2213133113-1858": 1753349672.0029972, "2213133113-1857": 1753349672.2278497, "2213133113-1856": 1753349672.4551158, "2213133113-1855": 1753349672.6710439, "2213133113-1853": 1753349672.84297, "2213133113-1850": 1753349673.045067, "2213133113-1849": 1753349673.2905524, "2297490495-10065": 1753356362.4036424, "1281025780-112304": 1753363688.3061185, "2297490495-10073": 1753370141.5391421, "2297490495-10072": 1753370141.7882075, "1281025780-112333": 1753370142.5190978, "1281025780-112332": 1753370142.7381382, "1281025780-112324": 1753370142.9544375, "1281025780-112352": 1753419669.9358711, "1281025780-112351": 1753419670.1394126, "1281025780-112349": 1753419670.3811052, "2297490495-10133": 1753457346.260499, "2297490495-10192": 1753600513.1638465, "1281025780-112379": 1753600514.1279492, "2297490495-10198": 1753607950.5122519, "2297490495-10197": 1753607950.7064314, "2297490495-10195": 1753607950.8727446, "1281025780-112393": 1753607951.4184005, "2213133113-1915": 1753613681.240463, "2213133113-1913": 1753613681.6080675, "2213133113-1912": 1753613681.8821957, "2213133113-1910": 1753613682.0942693, "2213133113-1909": 1753613682.28879, "2213133113-1905": 1753613682.4739485, "2213133113-1904": 1753613682.667168, "2213133113-1903": 1753613682.845473, "2213133113-1902": 1753613683.0775638, "2213133113-1901": 1753613683.3682082, "2213133113-1899": 1753613683.5432057, "2297490495-10229": 1753615057.4920716, "2297490495-10236": 1753622707.214189, "1281025780-112435": 1753622707.7666388, "1281025780-112454": 1753630060.1985943, "1281025780-112450": 1753630060.360502, "2297490495-10266": 1753644329.1508465, "2297490495-10258": 1753644329.3928866, "1281025780-112519": 1753688000.7160702, "1281025780-112517": 1753688000.887978, "1281025780-112503": 1753688001.0619583, "1281025780-112488": 1753688001.242566, "1281025780-112486": 1753688001.4107485, "1281025780-112482": 1753688001.6000342, "2213133113-1880": 1753688002.3102684, "2213133113-1879": 1753688002.4703236, "2213133113-1878": 1753688002.622125, "2297490495-10294": 1753694213.5699322, "2297490495-10290": 1753694213.747401, "2297490495-10288": 1753694213.9090831, "1281025780-112554": 1753701535.183072, "1281025780-112539": 1753701535.4236393, "2213133113-1869": 1753772553.3497672, "2213133113-1868": 1753772553.5444589, "2213133113-1866": 1753772553.7448223, "2213133113-1864": 1753772553.9017725, "2213133113-1863": 1753772554.1094444, "2297490495-10334": 1753780469.3322906, "1281025780-112633": 1753780469.915615, "1281025780-112621": 1753780470.1373253, "2213133113-1895": 1753790387.4808846, "1281025780-112650": 1753794208.258089, "2297490495-10360": 1753801305.881285, "2213133113-50": 1753808101.5196147, "1281025780-112690": 1753809837.221227}}