{"messages": {"2297490495-13118": 1757229624.5414793, "1281025780-115145": 1757236187.3016317, "2213133113-1915": 1757244290.5641022, "2213133113-1913": 1757244290.7957616, "2213133113-1912": 1757244291.0206604, "2213133113-1910": 1757244291.2720625, "2213133113-1909": 1757244291.4910698, "2213133113-1905": 1757244291.722619, "2213133113-1904": 1757244291.9676945, "2213133113-1903": 1757244292.1974018, "2213133113-1902": 1757244292.4785094, "2213133113-1901": 1757244292.7137687, "2213133113-1899": 1757244292.938025, "2297490495-13143": 1757250715.2348616, "1281025780-115178": 1757250715.8188605, "1281025780-115171": 1757250716.012057, "2297490495-13164": 1757272161.1241803, "1281025780-115212": 1757309166.9320767, "2297490495-13171": 1757315443.2444463, "1281025780-115220": 1757315443.712173, "2297490495-13183": 1757323820.8318985, "2213133113-1880": 1757323822.118971, "2213133113-1879": 1757323822.3468807, "2213133113-1878": 1757323822.5199, "2297490495-13201": 1757330424.038769, "1281025780-115246": 1757330424.8917437, "2297490495-13210": 1757337681.1910696, "1281025780-115260": 1757337681.744087, "2297490495-13221": 1757344675.9569914, "2297490495-13225": 1757351302.693473, "1281025780-115282": 1757351303.3563316, "1281025780-115281": 1757351303.6039133, "1281025780-115276": 1757351303.8322563, "2213133113-1869": 1757406319.4924605, "2213133113-1868": 1757406319.64401, "2213133113-1866": 1757406319.8363209, "2213133113-1864": 1757406320.0164046, "2213133113-1863": 1757406320.1962504, "1281025780-115326": 1757410150.0921478, "1281025780-115314": 1757410150.288508, "2297490495-13266": 1757416583.976788, "2213133113-1895": 1757425479.2373016, "2297490495-13290": 1757430929.3757381, "2297490495-13289": 1757430929.5994937, "1281025780-115360": 1757430930.3362992, "1281025780-115369": 1757437782.6216025, "2213133113-50": 1757439648.312347, "2297490495-13303": 1757481933.437647, "1281025780-115377": 1757481934.000346, "2213133113-13": 1757481934.726382, "2297490495-13311": 1757488916.38114, "2297490495-13308": 1757488916.5925207, "2213133113-1891": 1757494255.901681, "2213133113-1888": 1757494256.107878, "2213133113-1887": 1757494256.281538, "1281025780-115398": 1757495545.8860836, "2297490495-13345": 1757511130.1349816, "2297490495-13366": 1757517265.0385795, "1281025780-115457": 1757517265.6318643, "2297490495-13389": 1757531426.986502, "2297490495-13385": 1757531427.298232, "2297490495-13378": 1757531427.5421276, "2213133113-1927": 1757571208.9088805, "2213133113-1926": 1757571209.1108096, "2213133113-1925": 1757571209.2896862, "2213133113-1923": 1757571209.492193, "2213133113-1921": 1757571209.6867402, "2213133113-1920": 1757571209.8913777, "2213133113-1917": 1757571210.0939436, "2297490495-13418": 1757582798.6570296, "2297490495-13414": 1757582798.8411424, "1281025780-115490": 1757582799.414942, "1281025780-115485": 1757582799.5800328, "1281025780-115480": 1757582799.762427, "2297490495-13475": 1757596394.6667075, "2297490495-13473": 1757596394.9585354, "2297490495-13467": 1757596395.2172964, "1281025780-115519": 1757596395.8441887, "2297490495-13490": 1757603552.4984038, "1281025780-115545": 1757603553.2227013, "1281025780-115541": 1757603553.450916, "1281025780-115540": 1757603553.6752284, "1281025780-115538": 1757603553.8973248, "1281025780-115534": 1757603554.1318626, "2297490495-13495": 1757610742.9484432, "2213133113-23": 1757661828.0266244, "1281025780-115582": 1757690219.183637, "2213133113-10": 1757745211.9524775, "1281025780-115588": 1757748016.0509026, "1281025780-115587": 1757748016.2525811, "2297490495-13541": 1757826939.485715, "2297490495-13535": 1757826939.7051032, "2297490495-13534": 1757826939.9316552}}