{"messages": {"2213133113-1891": 1756283641.6971135, "2213133113-1888": 1756283641.8770585, "2213133113-1887": 1756283642.1245985, "1281025780-114631": 1756300023.5824676, "1281025780-114646": 1756315448.4186914, "2213133113-1927": 1756360612.1637075, "2213133113-1926": 1756360612.3198488, "2213133113-1925": 1756360612.4855537, "2213133113-1923": 1756360612.64301, "2213133113-1921": 1756360612.8079088, "2213133113-1920": 1756360612.959767, "2213133113-1917": 1756360613.1150665, "2297490495-11983": 1756365517.2838502, "1281025780-114677": 1756372315.5748365, "1281025780-114673": 1756372315.7507799, "2213133113-1859": 1756376805.72586, "2213133113-1858": 1756376805.9092197, "2213133113-1857": 1756376806.0910604, "2213133113-1856": 1756376806.2581522, "2213133113-1855": 1756376806.439168, "2213133113-1853": 1756376806.6131132, "2213133113-1850": 1756376806.805748, "2213133113-1849": 1756376807.1004844, "1281025780-114691": 1756379888.2537677, "1281025780-114688": 1756379888.4460094, "2297490495-12014": 1756386958.5131922, "2297490495-12012": 1756386958.8557165, "1281025780-114714": 1756386959.5607052, "1281025780-114713": 1756386959.7945716, "1281025780-114709": 1756386960.011304, "1281025780-114734": 1756393972.873926, "1281025780-114743": 1756400940.1133456, "1281025780-114741": 1756400940.2802255, "1281025780-114740": 1756400940.4797513, "2297490495-12330": 1756444820.115285, "2297490495-12361": 1756616407.7574825, "2297490495-12357": 1756616407.9685879, "2297490495-12370": 1756630811.0817423, "1281025780-114763": 1756632248.845167, "2297490495-12382": 1756638593.8690743, "2297490495-12377": 1756638594.113131, "1281025780-114769": 1756638594.7797565, "2213133113-1915": 1756639463.5752501, "2213133113-1913": 1756639463.7489839, "2213133113-1912": 1756639463.9343145, "2213133113-1910": 1756639464.1514845, "2213133113-1909": 1756639464.3096666, "2213133113-1905": 1756639464.490352, "2213133113-1904": 1756639464.6696475, "2213133113-1903": 1756639464.832951, "2213133113-1902": 1756639464.9971073, "2213133113-1901": 1756639465.1725173, "2213133113-1899": 1756639465.3472009, "2297490495-12384": 1756646131.5915792, "1281025780-114793": 1756646132.261541, "1281025780-114790": 1756646132.4848175, "1281025780-114781": 1756646132.7050111, "1281025780-114778": 1756646132.9282959, "2297490495-12405": 1756666735.8472142, "2297490495-12568": 1756703726.4816246, "2297490495-12567": 1756703726.6904943, "2297490495-12566": 1756703726.9240696, "2297490495-12499": 1756703727.1637263, "2297490495-12498": 1756703727.3947406, "1281025780-114811": 1756703728.0354345, "2297490495-12605": 1756711611.3060925, "2297490495-12597": 1756711611.5213165, "2297490495-12595": 1756711611.7424262, "2297490495-12594": 1756711612.028193, "2297490495-12588": 1756711612.3202636, "2297490495-12587": 1756711612.5622444, "2297490495-12586": 1756711612.7833455, "2213133113-1880": 1756717215.4238782, "2213133113-1879": 1756717215.617794, "2213133113-1878": 1756717215.8000834, "2297490495-12763": 1756719123.688043, "2297490495-12762": 1756719123.8708744, "2297490495-12761": 1756719124.0403228, "2297490495-12695": 1756719124.2014546, "2297490495-12694": 1756719124.369065, "1281025780-114823": 1756719124.8745883, "2297490495-12792": 1756733388.7388442, "1281025780-114851": 1756733389.1741529, "1281025780-114874": 1756747348.8095748, "2213133113-1869": 1756799776.868697, "2213133113-1868": 1756799777.0957847, "2213133113-1866": 1756799777.3094757, "2213133113-1864": 1756799777.5450304, "2213133113-1863": 1756799777.7791107, "1281025780-114918": 1756811955.296082, "2297490495-12840": 1756819048.1098242, "1281025780-114936": 1756819048.923197, "2213133113-1895": 1756820573.0204263, "2297490495-12844": 1756826233.723308, "1281025780-114957": 1756826234.3928719, "1281025780-114967": 1756833205.4386322, "2213133113-50": 1756834264.7877903}}