{"messages": {"2213133113-10": 1775571538.4357934, "1281025780-128354": 1775583764.418922}}