{"messages": {"1281025780-131485": 1781346344.5104504, "1281025780-131478": 1781346344.695123, "1281025780-131525": 1781435214.2479188, "1281025780-131546": 1781442142.9871094, "1281025780-131591": 1781530707.2744985, "2213133113-10": 1781654476.798089, "2297490495-28866": 1781690446.2763577, "2297490495-28889": 1781704413.1710975, "1281025780-131764": 1781715181.770197, "1281025780-131744": 1781715181.9870155, "1281025780-131717": 1781715182.2217555, "1281025780-131781": 1781780059.8996363, "1281025780-131813": 1781791774.2360525, "1281025780-131826": 1781803733.3077476, "2297490495-28970": 1781854428.2434912, "2297490495-28969": 1781854428.4665034}}