{"messages": {"1281025780-117042": 1760282614.968926, "1281025780-117041": 1760282615.1885302, "2297490495-14958": 1760296152.806055, "2213133113-1879": 1760352220.8529203, "2297490495-14982": 1760376288.039229, "2213133113-50": 1760467746.3578103, "2213133113-1887": 1760521103.863453, "2213133113-1937": 1760524779.7450147, "2297490495-15038": 1760526791.6599658, "2297490495-15034": 1760526791.855937, "1281025780-117116": 1760526792.4241853, "1281025780-117112": 1760526792.6686566, "1281025780-117129": 1760534243.4006572, "1281025780-117138": 1760541939.155019, "2213133113-1926": 1760599843.2166176, "2213133113-1925": 1760599843.4469604, "2213133113-1923": 1760599843.683777, "2213133113-1921": 1760599843.9187908, "2213133113-1920": 1760599844.1401806, "2213133113-1917": 1760599844.3629956, "2297490495-15120": 1760613771.954914, "2297490495-15103": 1760613772.2008839, "2297490495-15131": 1760621783.9543176, "1281025780-117220": 1760621784.5607886, "1281025780-117211": 1760621784.7702966, "1281025780-117237": 1760627807.432776, "2297490495-15153": 1760635086.3239195, "2297490495-15237": 1760851563.5019777, "2297490495-15267": 1760872269.9311082, "2297490495-15264": 1760872270.1317973, "2297490495-15263": 1760872270.3472784, "1281025780-117327": 1760872270.7834537, "1281025780-117322": 1760872270.9446363, "2213133113-1915": 1760878435.760538, "2213133113-1913": 1760878435.9380674, "2213133113-1910": 1760878436.1208918, "2213133113-1909": 1760878436.289593, "2213133113-1904": 1760878436.4658508, "2213133113-1902": 1760878436.6383688, "2213133113-1899": 1760878436.8291104}}