{"messages": {"1281025780-110673": 1751362023.208015, "1281025780-110687": 1751368316.170891, "2213133113-1895": 1751368317.03377, "1281025780-110719": 1751382589.3894846, "2213133113-50": 1751384964.1798515, "2213133113-23": 1751384964.4416814, "2213133113-13": 1751384964.686972, "2213133113-10": 1751384964.9123404, "2213133113-1891": 1751441241.0059247, "2213133113-1888": 1751441241.251593, "2213133113-1887": 1751441241.4539967, "2297490495-8793": 1751448199.3979702, "2297490495-8792": 1751448199.6004415, "1281025780-110764": 1751448200.0734653, "1281025780-110763": 1751448200.2448845, "1281025780-110799": 1751461659.7116418, "2297490495-8838": 1751484180.4730716, "1281025780-110839": 1751527539.4490898, "2213133113-1859": 1751532417.959791, "2213133113-1858": 1751532418.137454, "2213133113-1857": 1751532418.2986767, "2213133113-1856": 1751532418.476826, "2213133113-1855": 1751532418.6416104, "2213133113-1853": 1751532418.8052394, "2213133113-1850": 1751532418.9811225, "2213133113-1849": 1751532419.1738694, "1281025780-110854": 1751533234.034822, "2297490495-8861": 1751541425.0481439, "1281025780-110873": 1751541425.5863469, "1281025780-110866": 1751541425.7708826, "2297490495-8870": 1751549244.29344, "1281025780-110891": 1751549244.7944512, "1281025780-110913": 1751555707.4127386, "1281025780-110910": 1751555707.6950698, "1281025780-110909": 1751555707.9588537, "1281025780-110899": 1751555708.183091, "1281025780-110977": 1751794003.4691956, "2213133113-1915": 1751797181.2269547, "2213133113-1913": 1751797181.3932006, "2213133113-1912": 1751797181.5995622, "2213133113-1910": 1751797181.7683592, "2213133113-1909": 1751797181.9125504, "2213133113-1905": 1751797182.1118445, "2213133113-1904": 1751797182.342268, "2213133113-1903": 1751797182.5714002, "2213133113-1902": 1751797182.7939253, "2213133113-1901": 1751797183.0050266, "2213133113-1899": 1751797183.1959634, "2297490495-8932": 1751807725.2331402, "2297490495-8931": 1751807725.4785671, "1281025780-111016": 1751807725.9977047, "2213133113-1880": 1751870069.7348168, "2213133113-1879": 1751870069.9001598, "2213133113-1878": 1751870070.0601974, "2297490495-8969": 1751886775.316014, "2297490495-8968": 1751886775.512208, "2297490495-8967": 1751886775.6937585, "1281025780-111081": 1751886776.2022567, "1281025780-111077": 1751886776.376551, "2297490495-8976": 1751901550.4054563, "1281025780-111103": 1751901550.9024692, "1281025780-111094": 1751901551.0951571, "2297490495-8997": 1751916099.2850478, "1281025780-111129": 1751952598.420339, "2213133113-1869": 1751956857.5242631, "2213133113-1868": 1751956857.7069206, "2213133113-1866": 1751956857.9423084, "2213133113-1864": 1751956858.1301239, "2213133113-1863": 1751956858.334995, "2297490495-9030": 1751959676.5411947, "2297490495-9024": 1751959676.7081544}}