{"messages": {"2297490495-29653": 1783245533.2818165, "1281025780-132494": 1783245534.1425326, "1281025780-132537": 1783271494.0528057, "2297490495-29691": 1783335609.685739, "2297490495-29704": 1783348360.383196, "1281025780-132548": 1783402196.7868502, "2297490495-29762": 1783424295.7743008, "1281025780-132675": 1783432297.7016761, "1281025780-132700": 1783448756.3940675, "2213133113-10": 1783482169.60782, "2297490495-29859": 1783523726.4259505, "1281025780-132753": 1783523727.1538393, "1281025780-132752": 1783523727.364043, "1281025780-132745": 1783523727.5374556}}