{"messages": {"2213133113-1869": 1748929736.5648198, "2213133113-1868": 1748929736.8424976, "2213133113-1866": 1748929737.0299833, "2213133113-1864": 1748929737.2298114, "2213133113-1863": 1748929737.4388237, "2297490495-6474": 1748942205.7064154, "2297490495-6471": 1748942205.877488, "2297490495-6475": 1748949529.3631828, "1281025780-109077": 1748957352.5861838, "2213133113-50": 1748962545.8003798, "2213133113-23": 1748962545.981534, "2213133113-13": 1748962546.2312615, "2213133113-10": 1748962546.4559693, "2213133113-3": 1748962546.64566, "1281025780-109140": 1749029408.6388707, "2297490495-6566": 1749042521.2671247, "2297490495-6550": 1749042521.4262748, "1281025780-109182": 1749042521.9452207, "1281025780-109176": 1749042522.1551921, "1281025780-109175": 1749042522.3540468, "1281025780-109168": 1749042522.5364802, "1281025780-109196": 1749057613.000032, "2297490495-6590": 1749107882.7984073, "1281025780-109207": 1749107883.2764213, "2213133113-1859": 1749110314.6224985, "2213133113-1858": 1749110314.804198, "2213133113-1857": 1749110314.9868457, "2213133113-1856": 1749110315.1534853, "2213133113-1855": 1749110315.3515255, "2213133113-1853": 1749110315.5123172, "2213133113-1850": 1749110315.6780584, "2213133113-1849": 1749110315.8399394, "2297490495-6609": 1749115218.8487346, "2297490495-6594": 1749115219.0241487, "2297490495-6593": 1749115219.1830413, "2297490495-6591": 1749115219.335283, "1281025780-109224": 1749115219.8640616, "1281025780-109223": 1749115220.039701, "1281025780-109214": 1749115220.2272098, "1281025780-109211": 1749115220.3850007, "2297490495-6621": 1749122343.755707, "2297490495-6620": 1749122343.9798887, "1281025780-109243": 1749122344.6144013, "1281025780-109241": 1749122344.9733691, "1281025780-109233": 1749122345.2737985, "1281025780-109251": 1749129895.5608594, "2297490495-6702": 1749136357.3973188, "1281025780-109263": 1749136358.0411873, "1281025780-109299": 1749366812.568513, "2297490495-6759": 1749374402.6029944, "1281025780-109303": 1749374403.0866923, "1281025780-109343": 1749387846.7688622, "1281025780-109337": 1749387846.9526932, "1281025780-109360": 1749403407.2360668, "1281025780-109369": 1749447020.979194, "1281025780-109391": 1749467915.315017, "1281025780-109425": 1749475524.4756126, "1281025780-109446": 1749482211.9995117, "1281025780-109442": 1749482212.218277, "2297490495-6813": 1749490016.7930982}}