{"messages": {"2213133113-10": 1782260133.9304535, "2297490495-29169": 1782299939.6637714, "2297490495-29164": 1782299939.8827612, "1281025780-132031": 1782299940.6182818, "1281025780-132053": 1782307901.5299356, "2297490495-29291": 1782658042.9384148, "2297490495-29303": 1782667341.9938245, "1281025780-132233": 1782746433.1779528, "2297490495-29361": 1782799415.391972, "1281025780-132268": 1782799416.1452818, "1281025780-132306": 1782830768.8534334, "1281025780-132305": 1782830769.085622, "2297490495-29396": 1782838606.8465092, "1281025780-132321": 1782838607.4284182, "1281025780-132315": 1782838607.7910051}}