{"messages": {"1281025780-112519": 1753688000.7160702, "1281025780-112517": 1753688000.887978, "1281025780-112503": 1753688001.0619583, "1281025780-112488": 1753688001.242566, "1281025780-112486": 1753688001.4107485, "1281025780-112482": 1753688001.6000342, "2213133113-1880": 1753688002.3102684, "2213133113-1879": 1753688002.4703236, "2213133113-1878": 1753688002.622125, "2297490495-10294": 1753694213.5699322, "2297490495-10290": 1753694213.747401, "2297490495-10288": 1753694213.9090831, "1281025780-112554": 1753701535.183072, "1281025780-112539": 1753701535.4236393, "2213133113-1869": 1753772553.3497672, "2213133113-1868": 1753772553.5444589, "2213133113-1866": 1753772553.7448223, "2213133113-1864": 1753772553.9017725, "2213133113-1863": 1753772554.1094444, "2297490495-10334": 1753780469.3322906, "1281025780-112633": 1753780469.915615, "1281025780-112621": 1753780470.1373253, "2213133113-1895": 1753790387.4808846, "1281025780-112650": 1753794208.258089, "2297490495-10360": 1753801305.881285, "2213133113-50": 1753808101.5196147, "1281025780-112690": 1753809837.221227, "2213133113-1891": 1753862158.0826569, "2213133113-1888": 1753862158.2973602, "2213133113-1887": 1753862158.6068861, "2297490495-10435": 1753868264.4795442, "2297490495-10434": 1753868264.7105103, "1281025780-112716": 1753868265.2889717, "1281025780-112705": 1753868265.4879007, "1281025780-112721": 1753873991.1540573, "2297490495-10487": 1753889521.4640682, "1281025780-112768": 1753889522.1395893, "1281025780-112766": 1753889522.3696856, "1281025780-112762": 1753889522.5940888, "1281025780-112782": 1753895408.5603642, "2213133113-1859": 1753955013.497764, "2213133113-1858": 1753955013.6516428, "2213133113-1857": 1753955013.8116288, "2213133113-1856": 1753955013.9825838, "2213133113-1855": 1753955014.1507828, "2213133113-1853": 1753955014.3256936, "2213133113-1850": 1753955014.5080962, "2213133113-1849": 1753955014.7028484, "2297490495-10550": 1753960618.553658, "2297490495-10517": 1753960618.7855988, "1281025780-112827": 1753967260.114133, "2297490495-10613": 1753975957.4459777, "1281025780-112869": 1753981865.4748623, "2297490495-10631": 1753989842.4896283, "2297490495-10629": 1753989842.6524088, "2297490495-10621": 1753989842.8352334, "1281025780-112953": 1754205175.2358139, "1281025780-112950": 1754205175.4765873, "1281025780-112948": 1754205175.7109783, "1281025780-112933": 1754205176.009622, "1281025780-112914": 1754205176.2713127, "1281025780-112913": 1754205176.5315385, "1281025780-112907": 1754205176.807336, "2213133113-1915": 1754218505.4312048, "2213133113-1913": 1754218505.745302, "2213133113-1912": 1754218505.97319, "2213133113-1910": 1754218506.1895428, "2213133113-1909": 1754218506.3879018, "2213133113-1905": 1754218506.5951464, "2213133113-1904": 1754218506.781172, "2213133113-1903": 1754218506.9995174, "2213133113-1902": 1754218507.2426057, "2213133113-1901": 1754218507.4806008, "2213133113-1899": 1754218507.6813502, "2297490495-10690": 1754219994.6762128, "1281025780-112985": 1754219995.1431766, "1281025780-113015": 1754234423.4734457, "1281025780-113013": 1754234423.693799, "2297490495-10715": 1754241048.3498847, "1281025780-113026": 1754241048.8579397, "1281025780-113045": 1754292300.4961}}