{"messages": {"1281025780-129217": 1777531087.80798, "2213133113-10": 1778005113.7882981, "2297490495-26682": 1778058660.5795238}}