{"messages": {"2297490495-5255": 1747113384.2012286, "2213133113-1869": 1747113385.5214653, "2213133113-1868": 1747113385.736354, "2213133113-1866": 1747113385.9498262, "2213133113-1864": 1747113386.1772523, "2213133113-1863": 1747113386.3883674, "2297490495-5278": 1747121167.4503772, "2297490495-5351": 1747135405.7860656, "2297490495-5350": 1747135406.0333884, "2297490495-5324": 1747135406.2778213, "1281025780-107754": 1747143420.6513138, "2213133113-50": 1747145869.6004624, "2213133113-23": 1747145869.8811562, "2213133113-13": 1747145870.132419, "2213133113-10": 1747145870.394221, "2213133113-3": 1747145870.7249355, "1281025780-107766": 1747149768.1627686, "2297490495-5366": 1747157133.385379, "2297490495-5373": 1747200454.2971659, "2297490495-5395": 1747207038.0484025, "1281025780-107817": 1747207038.5585496, "1281025780-107816": 1747207038.7425249, "1281025780-107836": 1747221111.9670174, "2297490495-5450": 1747228649.1965911, "1281025780-107871": 1747228649.6751573, "1281025780-107856": 1747228649.8420458, "1281025780-107911": 1747293716.5750997, "1281025780-107909": 1747293716.7557287, "2213133113-1859": 1747294634.3686771, "2213133113-1858": 1747294634.5930068, "2213133113-1857": 1747294634.8217907, "2213133113-1856": 1747294635.0481808, "2213133113-1855": 1747294635.2619019, "2213133113-1853": 1747294635.4800858, "2213133113-1850": 1747294635.7043738, "2213133113-1849": 1747294635.926273, "2297490495-5501": 1747300779.454734, "2297490495-5515": 1747307688.2546031, "1281025780-107948": 1747307688.7316575, "1281025780-107984": 1747322245.3230867, "2297490495-5555": 1747323456.8241289, "2297490495-5554": 1747323457.0198774, "2297490495-5553": 1747323457.1958168, "2297490495-5552": 1747323457.3686404, "2297490495-5547": 1747323457.5697577, "2297490495-5631": 1747552383.6345868, "2297490495-5630": 1747552383.8651874, "2297490495-5629": 1747552384.0706627, "2297490495-5641": 1747559554.3294702, "1281025780-108022": 1747559555.0242884, "1281025780-108015": 1747559555.282406, "1281025780-108066": 1747574817.8183584, "1281025780-108051": 1747574818.0745094, "2297490495-5667": 1747581737.3750782, "2297490495-5666": 1747581737.5688114, "2297490495-5665": 1747581737.7379081, "1281025780-108091": 1747581738.23411, "1281025780-108090": 1747581738.3990939, "2297490495-5687": 1747632020.4293907, "1281025780-108147": 1747653350.593786, "2297490495-5711": 1747660857.2521415, "2297490495-5709": 1747660857.4291532, "2297490495-5745": 1747717742.1629043}}