{"messages": {"2297490495-14431": 1759424404.4803188, "1281025780-116663": 1759554837.0477629, "2213133113-10": 1759561040.242, "2213133113-1915": 1759665158.858589, "2213133113-1913": 1759665159.083201, "2213133113-1910": 1759665159.2953339, "2213133113-1909": 1759665159.5140452, "2213133113-1904": 1759665159.7275915, "2213133113-1902": 1759665159.9308987, "2213133113-1899": 1759665160.142711, "2297490495-14596": 1759677093.996636, "2297490495-14692": 1759727532.0426884, "1281025780-116838": 1759727532.6744092, "2297490495-14707": 1759743027.4110076, "2213133113-1879": 1759746360.9012709, "2213133113-50": 1759862098.9358313, "2297490495-14752": 1759907697.8306158, "2213133113-1887": 1759915705.5623221, "2213133113-1937": 1759918825.7164943, "2297490495-14773": 1759921860.7877808, "1281025780-116885": 1759921861.6356368, "2213133113-1926": 1759993974.5449293, "2213133113-1925": 1759993974.7505472, "2213133113-1923": 1759993974.9629464, "2213133113-1921": 1759993975.1611767, "2213133113-1920": 1759993975.3663473, "2213133113-1917": 1759993975.5721502, "2297490495-14844": 1760002096.154168, "1281025780-116924": 1760008325.4360306}}