{"messages": {"2297490495-25188": 1775763415.2346206, "2297490495-25239": 1775974037.508895, "2297490495-25309": 1776013543.482104, "2297490495-25394": 1776094954.7402737, "2297490495-25422": 1776110627.2085242, "2213133113-10": 1776181332.1399574, "1281025780-128354": 1776189286.8928955, "2297490495-25543": 1776261866.2919035}}