{"messages": {"2297490495-9408": 1752484878.656616, "1281025780-111562": 1752484879.1624284, "1281025780-111560": 1752484879.3592427, "1281025780-111555": 1752484879.5746377, "2297490495-9416": 1752491742.7193344, "2297490495-9432": 1752500503.045366, "1281025780-111618": 1752500503.5497332, "1281025780-111617": 1752500503.7465386, "1281025780-111609": 1752500503.9328232, "1281025780-111608": 1752500504.1887, "1281025780-111589": 1752500504.3660128, "1281025780-111587": 1752500504.5451818, "1281025780-111637": 1752506011.265474, "1281025780-111628": 1752506011.4572928, "1281025780-111624": 1752506011.6460066, "2297490495-9443": 1752513358.0251007, "2297490495-9469": 1752520671.8951182, "2297490495-9468": 1752520672.209718, "2213133113-1869": 1752561748.725925, "2213133113-1868": 1752561748.903723, "2213133113-1866": 1752561749.0809093, "2213133113-1864": 1752561749.2857845, "2213133113-1863": 1752561749.504955, "1281025780-111663": 1752570254.5499141, "1281025780-111661": 1752570254.7384229, "2297490495-9498": 1752572297.4059782, "2297490495-9510": 1752578777.382968, "2297490495-9507": 1752578777.6071157, "2297490495-9504": 1752578777.8386235, "2213133113-1895": 1752579787.5117714, "2297490495-9519": 1752586023.3109329, "2297490495-9518": 1752586023.6147046, "2297490495-9517": 1752586023.858341, "2297490495-9528": 1752593363.3720047, "2213133113-50": 1752595169.8350565, "1281025780-111732": 1752600318.130049, "2297490495-9545": 1752607532.8136156, "1281025780-111741": 1752642939.5984657, "2213133113-1891": 1752651065.7339673, "2213133113-1888": 1752651065.9289222, "2213133113-1887": 1752651066.1148202, "2297490495-9567": 1752658500.5452263, "2297490495-9562": 1752658500.7738678, "1281025780-111766": 1752658501.2915316, "1281025780-111754": 1752658501.4857583, "2297490495-9575": 1752665136.3703809, "1281025780-111789": 1752665137.0115786, "1281025780-111786": 1752665137.2577422, "1281025780-111782": 1752665137.5241272, "2297490495-9587": 1752672329.8467507, "2297490495-9586": 1752672330.1283104, "1281025780-111801": 1752672330.7993197, "1281025780-111798": 1752672331.0441692, "2213133113-1859": 1752743939.1276186, "2213133113-1858": 1752743939.300763, "2213133113-1857": 1752743939.4677234, "2213133113-1856": 1752743939.6894794, "2213133113-1855": 1752743939.9186127, "2213133113-1853": 1752743940.102642, "2213133113-1850": 1752743940.3006887, "2213133113-1849": 1752743940.47022, "1281025780-111855": 1752750769.0328019, "2297490495-9640": 1752759832.1730263, "2297490495-9646": 1752765107.7906137, "1281025780-111887": 1752765108.5142865, "1281025780-111886": 1752765108.7967415, "1281025780-111918": 1752987704.841407, "2297490495-9709": 1752989774.0069973, "1281025780-111922": 1753002907.092414, "1281025780-111920": 1753002907.2716656, "2213133113-1915": 1753008663.045196, "2213133113-1913": 1753008663.2587647, "2213133113-1912": 1753008663.4736257, "2213133113-1910": 1753008663.6839917, "2213133113-1909": 1753008663.8869195, "2213133113-1905": 1753008664.1606781, "2213133113-1904": 1753008664.3981767, "2213133113-1903": 1753008664.6526322, "2213133113-1902": 1753008664.86673, "2213133113-1901": 1753008665.1207926, "2213133113-1899": 1753008665.3336287, "2297490495-9724": 1753017571.212405, "1281025780-111990": 1753032295.2677395, "2213133113-1880": 1753082114.6441953, "2213133113-1879": 1753082114.9264257, "2213133113-1878": 1753082115.1882977, "1281025780-112009": 1753088561.6335297}}