{"messages": {"2297490495-27451": 1779284329.317785, "1281025780-130441": 1779617418.2607982, "1281025780-130482": 1779637090.0715272, "1281025780-130502": 1779712870.708833, "1281025780-130552": 1779729844.009699, "2213133113-10": 1779830423.949154}}