{"messages": {"1281025780-116381": 1759057620.6158934, "2213133113-1915": 1759060017.9466414, "2213133113-1913": 1759060018.1931915, "2213133113-1912": 1759060018.4157984, "2213133113-1910": 1759060018.6672184, "2213133113-1909": 1759060018.9161189, "2213133113-1905": 1759060019.1600158, "2213133113-1904": 1759060019.4532573, "2213133113-1903": 1759060019.789248, "2213133113-1902": 1759060020.0355678, "2213133113-1901": 1759060020.2632318, "2213133113-1899": 1759060020.5228224, "1281025780-116408": 1759072419.7119777, "2297490495-14265": 1759130144.6832218, "2297490495-14264": 1759130144.8530405, "2297490495-14277": 1759137391.5446537, "2297490495-14275": 1759137391.74763, "2297490495-14274": 1759137391.9732995, "2213133113-1880": 1759140641.6973712, "2213133113-1879": 1759140641.9325871, "2213133113-1878": 1759140642.1689498, "2297490495-14295": 1759144159.8784792, "2297490495-14289": 1759144160.078152, "2297490495-14286": 1759144160.2788327, "1281025780-116451": 1759144160.796553, "1281025780-116473": 1759155206.6287358, "2297490495-14367": 1759231346.3804872, "1281025780-116531": 1759231346.901525, "2297490495-14380": 1759239096.3210342, "1281025780-116554": 1759239096.9011223, "2213133113-50": 1759256710.1290345, "2213133113-1887": 1759310827.6765535, "2213133113-1926": 1759388109.3128994, "2213133113-1925": 1759388109.5867176, "2213133113-1923": 1759388109.7980235, "2213133113-1921": 1759388109.9910994, "2213133113-1920": 1759388110.1838021, "2213133113-1917": 1759388110.3754356, "2297490495-14431": 1759424404.4803188, "1281025780-116663": 1759554837.0477629, "2213133113-10": 1759561040.242}}