{"messages": {"2297490495-20648": 1768307972.1608706, "1281025780-123663": 1768314946.807603, "2213133113-50": 1768337968.413323, "2213133113-1937": 1768395124.203082, "1281025780-123744": 1768399255.5200722, "2297490495-20716": 1768401451.4069633, "2297490495-20713": 1768401451.594476, "2297490495-20736": 1768407710.0555198, "1281025780-123769": 1768407710.7397835, "2297490495-20747": 1768415193.445881, "1281025780-123775": 1768415193.9431667, "2297490495-20751": 1768422086.991321, "1281025780-123789": 1768458864.9287162, "2297490495-20789": 1768480452.3235679, "2297490495-20783": 1768480452.5300639, "2297490495-20775": 1768480452.7359426, "1281025780-123850": 1768495535.0537724, "2297490495-20833": 1768718284.8228836, "1281025780-123892": 1768732285.7902718, "2297490495-20853": 1768738564.0203295, "2297490495-20852": 1768738564.1965673, "1281025780-123929": 1768738564.6728578, "1281025780-123918": 1768738564.8502204, "2297490495-20890": 1768745567.3156154, "1281025780-123933": 1768745567.9500797, "1281025780-123973": 1768753816.457715, "1281025780-124005": 1768761482.5651836, "1281025780-124002": 1768761482.8054335, "1281025780-124001": 1768761483.0286415, "1281025780-124102": 1768839706.8927782, "1281025780-124101": 1768839707.1442926, "2213133113-10": 1768898890.2884097}}