{"messages": {"2297490495-15153": 1760635086.3239195, "2297490495-15237": 1760851563.5019777, "2297490495-15267": 1760872269.9311082, "2297490495-15264": 1760872270.1317973, "2297490495-15263": 1760872270.3472784, "1281025780-117327": 1760872270.7834537, "1281025780-117322": 1760872270.9446363, "2213133113-1915": 1760878435.760538, "2213133113-1913": 1760878435.9380674, "2213133113-1910": 1760878436.1208918, "2213133113-1909": 1760878436.289593, "2213133113-1904": 1760878436.4658508, "2213133113-1902": 1760878436.6383688, "2213133113-1899": 1760878436.8291104, "2297490495-15301": 1760880111.9162357, "2297490495-15298": 1760880112.1891406, "1281025780-117343": 1760880113.0342972, "2297490495-15315": 1760887431.6849816, "2213133113-1879": 1760957230.9934628, "2297490495-15368": 1760959395.998387, "1281025780-117474": 1760974026.1877675, "1281025780-117458": 1760974026.389843, "2297490495-15447": 1760981023.396109, "2297490495-15431": 1760981023.852034, "2297490495-15430": 1760981024.1990933, "1281025780-117502": 1761023590.5069165, "2213133113-10": 1761026193.2238562, "1281025780-117537": 1761044878.6127768, "2297490495-15511": 1761059915.118044, "2297490495-15510": 1761059915.4112813, "2297490495-15509": 1761059915.7772708, "1281025780-117601": 1761059916.5037708, "1281025780-117600": 1761059916.7288597, "1281025780-117598": 1761059916.934777, "1281025780-117592": 1761059917.1196415, "1281025780-117588": 1761059917.3219197, "2213133113-50": 1761072752.0323942, "2297490495-15526": 1761073941.830933, "1281025780-117638": 1761117731.934668, "2297490495-15552": 1761125356.210468, "2213133113-1887": 1761126336.9770024, "2213133113-1937": 1761130087.6355572, "2297490495-15588": 1761138351.2440674, "1281025780-117719": 1761145797.6348562, "1281025780-117710": 1761145797.9143324, "2297490495-15608": 1761153396.0779908, "1281025780-117726": 1761153396.9601235, "2297490495-15613": 1761196287.627998, "1281025780-117736": 1761196288.1043522, "1281025780-117734": 1761196288.307319, "1281025780-117733": 1761196288.4785144, "1281025780-117732": 1761196288.6534703, "1281025780-117731": 1761196288.8381763, "2213133113-1926": 1761204834.3548305, "2213133113-1925": 1761204834.5563762, "2213133113-1923": 1761204834.765942, "2213133113-1921": 1761204834.9645803, "2213133113-1920": 1761204835.1734235, "2213133113-1917": 1761204835.3712525, "1281025780-117795": 1761226634.573329}}