{"messages": {"2297490495-22663": 1771143397.7412398, "2297490495-22696": 1771151540.2823944, "2297490495-22694": 1771151540.4511747, "2297490495-22687": 1771151540.6187234, "1281025780-125904": 1771151541.1490135, "1281025780-125899": 1771151541.326944, "2297490495-22715": 1771166315.6312764, "1281025780-125963": 1771173180.631772, "2297490495-22749": 1771236523.3825295, "2297490495-22781": 1771259851.7634633, "2297490495-22826": 1771323985.0857382, "2213133113-10": 1771327417.7720108, "2297490495-22830": 1771334662.1852257, "2297490495-22862": 1771353249.7692275, "2297490495-22867": 1771395350.6091313, "2297490495-22905": 1771425436.93694, "2297490495-22971": 1771495249.741777, "2297490495-22969": 1771495249.904715, "2297490495-22998": 1771518616.1501703}}