{"messages": {"1281025780-109728": 1749740921.5078924, "2297490495-7199": 1749756424.244455, "2297490495-7198": 1749756424.4654045, "2297490495-7196": 1749756424.6775563, "2297490495-7185": 1749756424.8772085, "2297490495-7184": 1749756425.0982158, "2297490495-7183": 1749756425.3449264, "2297490495-7182": 1749756425.5927396, "2297490495-7181": 1749756425.8653753, "2297490495-7170": 1749756426.0952504, "2297490495-7138": 1749756426.3767462, "2297490495-7371": 1749757201.0038009, "2297490495-7625": 1749757880.0457523, "2297490495-7624": 1749757880.2480626, "2297490495-7598": 1749757880.4740844, "2297490495-7588": 1749757880.6607566, "2297490495-7972": 1749759266.8428755, "2297490495-8114": 1749965248.57292, "2297490495-8159": 1750001147.9072917, "2297490495-8191": 1750072322.5022836, "2297490495-8188": 1750072322.7046652, "1281025780-109826": 1750080259.4630387, "2213133113-1869": 1750139870.5705705, "2213133113-1868": 1750139870.745121, "2213133113-1866": 1750139870.9480903, "2213133113-1864": 1750139871.1400294, "2213133113-1863": 1750139871.3289835, "1281025780-109853": 1750151596.2650468, "2297490495-8219": 1750173938.0413756, "1281025780-109899": 1750173938.7553017, "2213133113-50": 1750173939.7038822, "2213133113-23": 1750173940.040859, "2213133113-13": 1750173940.2584481, "2213133113-10": 1750173940.4643126, "2213133113-3": 1750173940.6995916, "1281025780-109916": 1750224235.0774262, "1281025780-109914": 1750224235.2318892, "1281025780-109912": 1750224235.3880043, "2297490495-8236": 1750239074.0635936, "2297490495-8235": 1750239074.4082673, "1281025780-109948": 1750252927.8434896, "1281025780-109943": 1750252928.1041634, "2297490495-8257": 1750259902.8033867, "2213133113-1859": 1750322153.9836502, "2213133113-1858": 1750322154.2296376, "2213133113-1857": 1750322154.4433153, "2213133113-1856": 1750322154.9051466, "2213133113-1855": 1750322155.182947, "2213133113-1853": 1750322155.3828475, "2213133113-1850": 1750322155.530987, "2213133113-1849": 1750322155.683758, "2297490495-8302": 1750325116.1191285, "2297490495-8317": 1750340138.69998, "1281025780-110001": 1750340139.546077, "1281025780-110000": 1750340139.7456017, "1281025780-109999": 1750340139.9496474}}