{"messages": {"2213133113-1859": 1750322153.9836502, "2213133113-1858": 1750322154.2296376, "2213133113-1857": 1750322154.4433153, "2213133113-1856": 1750322154.9051466, "2213133113-1855": 1750322155.182947, "2213133113-1853": 1750322155.3828475, "2213133113-1850": 1750322155.530987, "2213133113-1849": 1750322155.683758, "2297490495-8302": 1750325116.1191285, "2297490495-8317": 1750340138.69998, "1281025780-110001": 1750340139.546077, "1281025780-110000": 1750340139.7456017, "1281025780-109999": 1750340139.9496474, "2297490495-8322": 1750360267.147931, "1281025780-110032": 1750426289.9489412, "2297490495-8355": 1750570012.9939008, "2297490495-8342": 1750570013.1566365, "2297490495-8376": 1750584398.1633298, "2297490495-8374": 1750584398.333851, "1281025780-110047": 1750584398.7787688, "1281025780-110064": 1750590661.4792223, "2297490495-8397": 1750597540.8323674, "2297490495-8396": 1750597540.9998012, "1281025780-110083": 1750597541.4639673, "2297490495-8401": 1750605571.9124963, "2297490495-8400": 1750605572.0967293, "1281025780-110105": 1750605572.538933, "1281025780-110104": 1750605572.6847146, "1281025780-110103": 1750605572.8344846, "1281025780-110112": 1750612184.1802433, "2213133113-1880": 1750659299.8552506, "2213133113-1879": 1750659300.0228477, "2213133113-1878": 1750659300.2027893, "2297490495-8417": 1750662651.4515374, "1281025780-110133": 1750677143.0787735, "1281025780-110164": 1750699260.6828828, "1281025780-110161": 1750699260.9921124, "2297490495-8452": 1750742771.5541482, "1281025780-110183": 1750742772.032159, "1281025780-110177": 1750742772.1919088, "2213133113-1869": 1750744693.8802328, "2213133113-1868": 1750744694.0480912, "2213133113-1866": 1750744694.2225466, "2213133113-1864": 1750744694.483365, "2213133113-1863": 1750744694.6674597, "1281025780-110186": 1750750059.3607988, "2297490495-8460": 1750757142.3680768, "1281025780-110193": 1750757143.2318583, "2297490495-8470": 1750771422.2142901, "1281025780-110216": 1750771422.7074566, "1281025780-110229": 1750778200.6365736, "2213133113-50": 1750779599.3323112, "2213133113-23": 1750779599.602179, "2213133113-13": 1750779599.8549557, "2213133113-10": 1750779600.211874, "2213133113-3": 1750779600.436513, "2297490495-8519": 1750829402.9594913, "1281025780-110253": 1750829403.6361172, "2213133113-1891": 1750834705.5520043, "2213133113-1888": 1750834705.7226818, "2213133113-1887": 1750834705.890411, "1281025780-110271": 1750843655.7265265, "1281025780-110285": 1750849862.17199, "2297490495-8560": 1750857981.990627, "2297490495-8556": 1750857982.239306, "1281025780-110296": 1750857982.866109, "1281025780-110303": 1750865182.0478988, "1281025780-110315": 1750872174.8173506}}