{"messages": {"2297490495-10360": 1753801305.881285, "2213133113-50": 1753808101.5196147, "1281025780-112690": 1753809837.221227, "2213133113-1891": 1753862158.0826569, "2213133113-1888": 1753862158.2973602, "2213133113-1887": 1753862158.6068861, "2297490495-10435": 1753868264.4795442, "2297490495-10434": 1753868264.7105103, "1281025780-112716": 1753868265.2889717, "1281025780-112705": 1753868265.4879007, "1281025780-112721": 1753873991.1540573, "2297490495-10487": 1753889521.4640682, "1281025780-112768": 1753889522.1395893, "1281025780-112766": 1753889522.3696856, "1281025780-112762": 1753889522.5940888, "1281025780-112782": 1753895408.5603642, "2213133113-1859": 1753955013.497764, "2213133113-1858": 1753955013.6516428, "2213133113-1857": 1753955013.8116288, "2213133113-1856": 1753955013.9825838, "2213133113-1855": 1753955014.1507828, "2213133113-1853": 1753955014.3256936, "2213133113-1850": 1753955014.5080962, "2213133113-1849": 1753955014.7028484, "2297490495-10550": 1753960618.553658, "2297490495-10517": 1753960618.7855988, "1281025780-112827": 1753967260.114133, "2297490495-10613": 1753975957.4459777, "1281025780-112869": 1753981865.4748623, "2297490495-10631": 1753989842.4896283, "2297490495-10629": 1753989842.6524088, "2297490495-10621": 1753989842.8352334, "1281025780-112953": 1754205175.2358139, "1281025780-112950": 1754205175.4765873, "1281025780-112948": 1754205175.7109783, "1281025780-112933": 1754205176.009622, "1281025780-112914": 1754205176.2713127, "1281025780-112913": 1754205176.5315385, "1281025780-112907": 1754205176.807336, "2213133113-1915": 1754218505.4312048, "2213133113-1913": 1754218505.745302, "2213133113-1912": 1754218505.97319, "2213133113-1910": 1754218506.1895428, "2213133113-1909": 1754218506.3879018, "2213133113-1905": 1754218506.5951464, "2213133113-1904": 1754218506.781172, "2213133113-1903": 1754218506.9995174, "2213133113-1902": 1754218507.2426057, "2213133113-1901": 1754218507.4806008, "2213133113-1899": 1754218507.6813502, "2297490495-10690": 1754219994.6762128, "1281025780-112985": 1754219995.1431766, "1281025780-113015": 1754234423.4734457, "1281025780-113013": 1754234423.693799, "2297490495-10715": 1754241048.3498847, "1281025780-113026": 1754241048.8579397, "1281025780-113045": 1754292300.4961, "2213133113-1880": 1754293777.8983161, "2213133113-1879": 1754293778.0929956, "2213133113-1878": 1754293778.2702816, "2297490495-10740": 1754299131.6135511, "1281025780-113049": 1754299132.213163, "1281025780-113076": 1754305249.3579502, "2297490495-10763": 1754306911.898384, "2297490495-10786": 1754312495.1148443, "2297490495-10784": 1754312495.2803307, "1281025780-113102": 1754312495.7834976, "1281025780-113098": 1754312496.0140862, "1281025780-113097": 1754312496.174317, "2297490495-10806": 1754315403.6413658, "2213133113-1869": 1754379341.3903399, "2213133113-1868": 1754379341.6553009, "2213133113-1866": 1754379341.9628928, "2213133113-1864": 1754379342.1939814, "2213133113-1863": 1754379342.3821828, "2297490495-10871": 1754385695.3049452, "2297490495-10885": 1754393003.5848525, "2297490495-10877": 1754393003.7713027, "1281025780-113192": 1754393004.2755706, "2213133113-1895": 1754397549.5607631, "1281025780-113213": 1754400568.9900029, "1281025780-113211": 1754400569.2618713}}