{"messages": {"1281025780-114353": 1755926528.7458258, "1281025780-114378": 1756034317.6450202, "1281025780-114375": 1756034317.8229964, "2213133113-1915": 1756034318.5839381, "2213133113-1913": 1756034318.7722023, "2213133113-1912": 1756034318.954183, "2213133113-1910": 1756034319.1364572, "2213133113-1909": 1756034319.320106, "2213133113-1905": 1756034319.4967606, "2213133113-1904": 1756034319.669382, "2213133113-1903": 1756034319.8438568, "2213133113-1902": 1756034320.054983, "2213133113-1901": 1756034320.267868, "2213133113-1899": 1756034320.4613078, "1281025780-114382": 1756040618.428769, "1281025780-114387": 1756049109.1046948, "1281025780-114439": 1756055420.0446305, "1281025780-114407": 1756055420.3183398, "2213133113-1880": 1756111783.420517, "2213133113-1879": 1756111783.5824502, "2213133113-1878": 1756111783.8004339, "2297490495-11892": 1756121029.089691, "1281025780-114488": 1756127006.2238846, "1281025780-114517": 1756135033.0799398, "1281025780-114512": 1756135033.3314826, "1281025780-114505": 1756135033.5648823, "2297490495-11921": 1756142534.2021315, "2297490495-11920": 1756142534.498566, "2297490495-11919": 1756142534.7095623, "1281025780-114537": 1756184442.337248, "2213133113-1869": 1756194642.6569974, "2213133113-1868": 1756194642.881006, "2213133113-1866": 1756194643.156386, "2213133113-1864": 1756194643.3829029, "2213133113-1863": 1756194643.5898087, "2297490495-11929": 1756200583.8467107, "1281025780-114557": 1756200584.3413553, "2297490495-11934": 1756213434.894685, "2213133113-1895": 1756215649.7008548, "2213133113-50": 1756229400.2398937, "2213133113-1891": 1756283641.6971135, "2213133113-1888": 1756283641.8770585, "2213133113-1887": 1756283642.1245985, "1281025780-114631": 1756300023.5824676, "1281025780-114646": 1756315448.4186914, "2213133113-1927": 1756360612.1637075, "2213133113-1926": 1756360612.3198488, "2213133113-1925": 1756360612.4855537, "2213133113-1923": 1756360612.64301, "2213133113-1921": 1756360612.8079088, "2213133113-1920": 1756360612.959767, "2213133113-1917": 1756360613.1150665, "2297490495-11983": 1756365517.2838502, "1281025780-114677": 1756372315.5748365, "1281025780-114673": 1756372315.7507799, "2213133113-1859": 1756376805.72586, "2213133113-1858": 1756376805.9092197, "2213133113-1857": 1756376806.0910604, "2213133113-1856": 1756376806.2581522, "2213133113-1855": 1756376806.439168, "2213133113-1853": 1756376806.6131132, "2213133113-1850": 1756376806.805748, "2213133113-1849": 1756376807.1004844, "1281025780-114691": 1756379888.2537677, "1281025780-114688": 1756379888.4460094, "2297490495-12014": 1756386958.5131922, "2297490495-12012": 1756386958.8557165, "1281025780-114714": 1756386959.5607052, "1281025780-114713": 1756386959.7945716, "1281025780-114709": 1756386960.011304, "1281025780-114734": 1756393972.873926, "1281025780-114743": 1756400940.1133456, "1281025780-114741": 1756400940.2802255, "1281025780-114740": 1756400940.4797513, "2297490495-12330": 1756444820.115285}}