{"messages": {"1281025780-128755": 1776771927.9888585, "1281025780-128754": 1776771928.2084775, "2213133113-10": 1776786764.2058198, "1281025780-128778": 1776935031.7234483, "2297490495-25913": 1776944785.314902, "1281025780-128810": 1776944786.1279278, "1281025780-128802": 1776944786.355475, "2297490495-25926": 1776956609.16975, "2297490495-25970": 1777183370.285815, "1281025780-128932": 1777210769.616322, "1281025780-128951": 1777216939.1841683, "2297490495-26106": 1777299848.4421248, "1281025780-129038": 1777306004.8288167, "2297490495-26133": 1777358460.765172, "2297490495-26170": 1777367350.3602543}}