{"messages": {"2297490495-22210": 1770560949.1232493, "1281025780-125440": 1770568245.7009673, "1281025780-125436": 1770568246.0216005, "2297490495-22282": 1770648111.5195677, "1281025780-125529": 1770648112.0251596, "2297490495-22286": 1770658564.8482196, "1281025780-125560": 1770658565.5754707, "1281025780-125588": 1770705460.9370894, "2213133113-10": 1770719786.008568, "2297490495-22477": 1770835233.0305305, "2297490495-22499": 1770878703.4643202, "2297490495-22520": 1770891863.7092285, "1281025780-125828": 1770903512.5083346, "1281025780-125847": 1770906914.0326567, "1281025780-125846": 1770906914.2801342, "2297490495-22580": 1770914070.6648853, "1281025780-125862": 1770914071.3056915, "1281025780-125854": 1770914071.4944108, "2297490495-22628": 1770979156.6642911, "2297490495-22654": 1771135598.7918959, "2297490495-22663": 1771143397.7412398, "2297490495-22696": 1771151540.2823944, "2297490495-22694": 1771151540.4511747, "2297490495-22687": 1771151540.6187234, "1281025780-125904": 1771151541.1490135, "1281025780-125899": 1771151541.326944}}