{"messages": {"1281025780-106967": 1746206364.5343869, "2297490495-4695": 1746336360.0473657, "1281025780-106978": 1746336360.7145412, "2297490495-4697": 1746343326.6991076, "1281025780-106985": 1746350692.4465954, "1281025780-106980": 1746350692.6224408, "1281025780-107021": 1746363839.2311492, "1281025780-107017": 1746363839.4264991, "1281025780-107036": 1746372295.7790425, "1281025780-107049": 1746422351.3469815, "2297490495-4741": 1746437335.3226848, "1281025780-107068": 1746437335.8716397, "1281025780-107093": 1746451669.9748423, "2297490495-4777": 1746508202.0159843, "1281025780-107145": 1746523048.047032, "1281025780-107144": 1746523048.3527362, "2297490495-4799": 1746530574.6888843, "1281025780-107174": 1746530575.242716, "1281025780-107169": 1746530575.4217625, "1281025780-107167": 1746530575.6105335, "2297490495-4820": 1746538395.6060026, "2297490495-4811": 1746538395.8509457, "1281025780-107202": 1746538396.497987, "1281025780-107196": 1746538396.7188835, "2213133113-50": 1746540613.8124185, "2213133113-23": 1746540614.0027673, "2213133113-13": 1746540614.1960425, "2213133113-10": 1746540614.367302, "2213133113-3": 1746540614.556659, "2297490495-4824": 1746544619.7915714, "1281025780-107247": 1746544620.362391, "1281025780-107240": 1746544620.5669007, "1281025780-107231": 1746544620.8238447, "1281025780-107267": 1746595693.245423, "2297490495-4838": 1746602181.4384317, "2297490495-4837": 1746602181.6319299, "2297490495-4836": 1746602181.79058, "1281025780-107278": 1746609545.7678504, "2297490495-4861": 1746616500.3666208, "2297490495-4854": 1746616500.5891688, "2297490495-4853": 1746616500.8330097, "2297490495-4852": 1746616501.0927181, "2297490495-4851": 1746616501.3717186, "2297490495-4850": 1746616501.6001832, "2297490495-4849": 1746616501.827112, "2297490495-4848": 1746616502.0461414, "2297490495-4847": 1746616502.3132293, "1281025780-107286": 1746616503.0667343, "1281025780-107280": 1746616503.335713, "1281025780-107307": 1746630021.8336253, "1281025780-107306": 1746630022.0271282, "1281025780-107300": 1746630022.1951087, "1281025780-107317": 1746631810.9614885, "1281025780-107310": 1746631811.1471877, "2297490495-4893": 1746681553.2352896, "1281025780-107348": 1746681553.778606, "1281025780-107347": 1746681553.937631, "2297490495-4896": 1746689153.3614788, "1281025780-107359": 1746689153.9956417, "2213133113-1859": 1746689154.919221, "2213133113-1858": 1746689155.1650004, "2213133113-1857": 1746689155.3787065, "2213133113-1856": 1746689155.5988464, "2213133113-1855": 1746689155.8117797, "2213133113-1853": 1746689156.0299942, "2213133113-1850": 1746689156.2616465, "2213133113-1849": 1746689156.4871783, "2297490495-4922": 1746703235.7895312, "2297490495-4914": 1746703236.1210482, "1281025780-107405": 1746703236.8899372, "1281025780-107380": 1746703237.134077, "2297490495-4938": 1746710617.828026, "1281025780-107416": 1746710618.5650747, "2297490495-4949": 1746775530.6411405, "2297490495-5076": 1746797909.922032, "2297490495-5070": 1746797910.1825454, "2297490495-5042": 1746797910.4649403}}