{"messages": {"2297490495-25394": 1776094954.7402737, "2297490495-25422": 1776110627.2085242, "2213133113-10": 1776181332.1399574, "1281025780-128354": 1776189286.8928955, "2297490495-25543": 1776261866.2919035, "2297490495-25601": 1776347563.3080647, "2297490495-25688": 1776591066.4125466, "2297490495-25699": 1776596680.5159059, "1281025780-128628": 1776619245.0029917, "1281025780-128612": 1776619245.2120302, "1281025780-128602": 1776619245.403059, "1281025780-128650": 1776682527.260983}}