{"messages": {"1281025780-111918": 1752987704.841407, "2297490495-9709": 1752989774.0069973, "1281025780-111922": 1753002907.092414, "1281025780-111920": 1753002907.2716656, "2213133113-1915": 1753008663.045196, "2213133113-1913": 1753008663.2587647, "2213133113-1912": 1753008663.4736257, "2213133113-1910": 1753008663.6839917, "2213133113-1909": 1753008663.8869195, "2213133113-1905": 1753008664.1606781, "2213133113-1904": 1753008664.3981767, "2213133113-1903": 1753008664.6526322, "2213133113-1902": 1753008664.86673, "2213133113-1901": 1753008665.1207926, "2213133113-1899": 1753008665.3336287, "2297490495-9724": 1753017571.212405, "1281025780-111990": 1753032295.2677395, "2213133113-1880": 1753082114.6441953, "2213133113-1879": 1753082114.9264257, "2213133113-1878": 1753082115.1882977, "1281025780-112009": 1753088561.6335297, "2297490495-9770": 1753090692.293556, "2297490495-9778": 1753096373.944523, "1281025780-112041": 1753096374.5198126, "1281025780-112027": 1753096374.7114515, "1281025780-112064": 1753102922.233203, "2297490495-9896": 1753111869.4297924, "2297490495-9895": 1753111869.660751, "2297490495-9857": 1753111869.90293, "2297490495-9855": 1753111870.172701, "2297490495-9842": 1753111870.3906538, "2297490495-9830": 1753111870.5863082, "2297490495-9829": 1753111870.78825, "2297490495-9827": 1753111870.9822822, "2297490495-9914": 1753162520.4919453, "2213133113-1869": 1753167421.1094837, "2213133113-1868": 1753167421.3665702, "2213133113-1866": 1753167421.6481724, "2213133113-1864": 1753167421.966946, "2213133113-1863": 1753167422.2551267, "2297490495-9921": 1753176894.7279482, "1281025780-112108": 1753176895.251254, "2213133113-1895": 1753185254.7375507, "2213133113-50": 1753201651.348414, "2297490495-9992": 1753255848.376903, "2297490495-9990": 1753255848.5525227, "1281025780-112190": 1753255849.1165235, "2213133113-1891": 1753256911.8219802, "2213133113-1888": 1753256912.0504591, "2213133113-1887": 1753256912.2841258, "1281025780-112196": 1753261264.8363047, "1281025780-112193": 1753261265.1194398, "2297490495-10022": 1753278100.900929, "1281025780-112229": 1753278101.4630935, "1281025780-112246": 1753291907.9611182, "1281025780-112276": 1753349670.952807, "2213133113-1859": 1753349671.7886996, "2213133113-1858": 1753349672.0029972, "2213133113-1857": 1753349672.2278497, "2213133113-1856": 1753349672.4551158, "2213133113-1855": 1753349672.6710439, "2213133113-1853": 1753349672.84297, "2213133113-1850": 1753349673.045067, "2213133113-1849": 1753349673.2905524, "2297490495-10065": 1753356362.4036424, "1281025780-112304": 1753363688.3061185, "2297490495-10073": 1753370141.5391421, "2297490495-10072": 1753370141.7882075, "1281025780-112333": 1753370142.5190978, "1281025780-112332": 1753370142.7381382, "1281025780-112324": 1753370142.9544375, "1281025780-112352": 1753419669.9358711, "1281025780-112351": 1753419670.1394126, "1281025780-112349": 1753419670.3811052, "2297490495-10133": 1753457346.260499}}