{"messages": {"2213133113-50": 1760467746.3578103, "2213133113-1887": 1760521103.863453, "2213133113-1937": 1760524779.7450147, "2297490495-15038": 1760526791.6599658, "2297490495-15034": 1760526791.855937, "1281025780-117116": 1760526792.4241853, "1281025780-117112": 1760526792.6686566, "1281025780-117129": 1760534243.4006572, "1281025780-117138": 1760541939.155019, "2213133113-1926": 1760599843.2166176, "2213133113-1925": 1760599843.4469604, "2213133113-1923": 1760599843.683777, "2213133113-1921": 1760599843.9187908, "2213133113-1920": 1760599844.1401806, "2213133113-1917": 1760599844.3629956, "2297490495-15120": 1760613771.954914, "2297490495-15103": 1760613772.2008839, "2297490495-15131": 1760621783.9543176, "1281025780-117220": 1760621784.5607886, "1281025780-117211": 1760621784.7702966, "1281025780-117237": 1760627807.432776, "2297490495-15153": 1760635086.3239195, "2297490495-15237": 1760851563.5019777, "2297490495-15267": 1760872269.9311082, "2297490495-15264": 1760872270.1317973, "2297490495-15263": 1760872270.3472784, "1281025780-117327": 1760872270.7834537, "1281025780-117322": 1760872270.9446363, "2213133113-1915": 1760878435.760538, "2213133113-1913": 1760878435.9380674, "2213133113-1910": 1760878436.1208918, "2213133113-1909": 1760878436.289593, "2213133113-1904": 1760878436.4658508, "2213133113-1902": 1760878436.6383688, "2213133113-1899": 1760878436.8291104, "2297490495-15301": 1760880111.9162357, "2297490495-15298": 1760880112.1891406, "1281025780-117343": 1760880113.0342972, "2297490495-15315": 1760887431.6849816, "2213133113-1879": 1760957230.9934628, "2297490495-15368": 1760959395.998387, "1281025780-117474": 1760974026.1877675, "1281025780-117458": 1760974026.389843, "2297490495-15447": 1760981023.396109, "2297490495-15431": 1760981023.852034, "2297490495-15430": 1760981024.1990933, "1281025780-117502": 1761023590.5069165, "2213133113-10": 1761026193.2238562, "1281025780-117537": 1761044878.6127768, "2297490495-15511": 1761059915.118044, "2297490495-15510": 1761059915.4112813, "2297490495-15509": 1761059915.7772708, "1281025780-117601": 1761059916.5037708, "1281025780-117600": 1761059916.7288597, "1281025780-117598": 1761059916.934777, "1281025780-117592": 1761059917.1196415, "1281025780-117588": 1761059917.3219197}}