{"messages": {"2213133113-10": 1779830423.949154, "2297490495-27765": 1779878598.0394464, "2297490495-27780": 1779891147.295407, "1281025780-130677": 1779891148.110181, "1281025780-130748": 1779985253.2104158, "2297490495-28026": 1780298287.2027621, "2297490495-28075": 1780319005.7815306, "2297490495-28041": 1780319006.0817778, "1281025780-130922": 1780319006.9334202, "1281025780-130906": 1780319007.2153208, "1281025780-130905": 1780319007.5094523, "1281025780-130895": 1780319007.8111134, "1281025780-130873": 1780319008.1123636}}