{"messages": {"2213133113-1869": 1754379341.3903399, "2213133113-1868": 1754379341.6553009, "2213133113-1866": 1754379341.9628928, "2213133113-1864": 1754379342.1939814, "2213133113-1863": 1754379342.3821828, "2297490495-10871": 1754385695.3049452, "2297490495-10885": 1754393003.5848525, "2297490495-10877": 1754393003.7713027, "1281025780-113192": 1754393004.2755706, "2213133113-1895": 1754397549.5607631, "1281025780-113213": 1754400568.9900029, "1281025780-113211": 1754400569.2618713, "2213133113-50": 1754412994.4767575, "2213133113-1891": 1754466988.8153005, "2213133113-1888": 1754466989.0633323, "2213133113-1887": 1754466989.302211, "1281025780-113266": 1754470853.2498012, "2297490495-10935": 1754473069.8165276, "2297490495-10946": 1754486690.334011, "1281025780-113309": 1754486691.2283955, "1281025780-113303": 1754486691.4937062, "2213133113-23": 1754486692.600643, "2297490495-10975": 1754494166.6314113, "2297490495-10974": 1754494166.8097634, "2297490495-10949": 1754494166.974758, "1281025780-113325": 1754494167.4456258, "2297490495-10981": 1754500346.1627226, "2297490495-10978": 1754500346.4172235, "1281025780-113341": 1754500347.1326303, "1281025780-113340": 1754500347.3699908, "1281025780-113338": 1754500347.5965557, "2297490495-10986": 1754508435.5620313, "1281025780-113351": 1754544581.209564, "2213133113-1927": 1754544581.8557158, "2213133113-1926": 1754544582.0021276, "2213133113-1925": 1754544582.156868, "2213133113-1923": 1754544582.3222919, "2213133113-1921": 1754544582.469399, "2213133113-1920": 1754544582.624444, "2213133113-1917": 1754544582.7729726, "2297490495-10993": 1754550066.2335894, "2213133113-1859": 1754559867.1700408, "2213133113-1858": 1754559867.3852596, "2213133113-1857": 1754559867.5907106, "2213133113-1856": 1754559867.8083613, "2213133113-1855": 1754559868.0165336, "2213133113-1853": 1754559868.23792, "2213133113-1850": 1754559868.4468808, "2213133113-1849": 1754559868.665602, "2297490495-11015": 1754565500.6664536, "2297490495-11011": 1754565500.8629096, "2297490495-11007": 1754565501.0452392, "1281025780-113398": 1754565501.6770802, "1281025780-113410": 1754573060.1469631, "2297490495-11113": 1754637225.625477, "2297490495-11112": 1754637225.8193514, "2297490495-11110": 1754637226.0116885, "2297490495-11100": 1754637226.1828399, "2297490495-11099": 1754637226.3570127, "2297490495-11098": 1754637226.550289, "2297490495-11097": 1754637226.7382822, "2297490495-11096": 1754637226.9295366, "2297490495-11079": 1754637227.0904872, "2297490495-11064": 1754637227.284888, "2297490495-11063": 1754637227.4814553, "2297490495-11048": 1754637227.6665502, "2297490495-11047": 1754637227.8538837, "2297490495-11137": 1754817326.3021467, "2213133113-1915": 1754823567.1918921, "2213133113-1913": 1754823567.4485018, "2213133113-1912": 1754823567.6965072, "2213133113-1910": 1754823567.9301136, "2213133113-1909": 1754823568.1932251, "2213133113-1905": 1754823568.4460945, "2213133113-1904": 1754823568.6693947, "2213133113-1903": 1754823568.9089174, "2213133113-1902": 1754823569.144231, "2213133113-1901": 1754823569.3633356, "2213133113-1899": 1754823569.5880208, "2297490495-11175": 1754896466.1963222, "1281025780-113567": 1754896466.6529431, "2213133113-1880": 1754898845.6381898, "2213133113-1879": 1754898845.8153832, "2213133113-1878": 1754898845.9805357, "2297490495-11197": 1754911534.6399162, "1281025780-113601": 1754911535.1467054, "2297490495-11203": 1754918764.9044855, "1281025780-113626": 1754918765.4230182, "1281025780-113610": 1754918765.6112216, "1281025780-113629": 1754925159.2350128, "2297490495-11223": 1754932775.0137362, "1281025780-113666": 1754932775.518058, "1281025780-113651": 1754932775.7273247}}