{"messages": {"2297490495-16988": 1763037600.4810882, "2297490495-16977": 1763037600.687178, "2297490495-16971": 1763037600.8950667, "1281025780-119364": 1763037601.4066105, "1281025780-119361": 1763037601.615403, "2297490495-17007": 1763044130.5048423, "2297490495-17005": 1763044130.770335, "2297490495-16991": 1763044131.0624425, "1281025780-119391": 1763044131.8560112, "2297490495-17038": 1763051215.525037, "1281025780-119404": 1763051215.997557, "1281025780-119425": 1763059801.6057472, "1281025780-119413": 1763059801.9526424, "2297490495-17045": 1763065079.1338592, "1281025780-119438": 1763102131.880312, "1281025780-119506": 1763288546.550169, "2297490495-17102": 1763302420.9777725, "1281025780-119540": 1763302421.6225712, "1281025780-119535": 1763302421.8452907, "2297490495-17120": 1763368117.3574753, "1281025780-119578": 1763368117.8527522, "1281025780-119614": 1763382080.200084, "2297490495-17194": 1763397465.976563, "1281025780-119671": 1763397467.0083158, "1281025780-119670": 1763397467.2632987, "2213133113-10": 1763448923.3292315, "2297490495-17223": 1763461954.8898706, "2297490495-17251": 1763469739.7362576, "2213133113-50": 1763494197.5657148, "2213133113-1937": 1763551512.8663893, "2297490495-17331": 1763555229.7727802, "2297490495-17347": 1763569722.2330325, "1281025780-119819": 1763569722.8215377, "2297490495-17381": 1763583295.1125703, "2213133113-1926": 1763624890.453291, "2213133113-1925": 1763624890.6395159, "2213133113-1923": 1763624890.8088043, "2213133113-1921": 1763624890.9732664, "2213133113-1920": 1763624891.155711, "2213133113-1917": 1763624891.3158345}}