{"messages": {"2297490495-24033": 1773312279.7881758, "2297490495-24032": 1773312280.0114157, "1281025780-127324": 1773312280.5384853, "1281025780-127380": 1773340178.2636552, "2297490495-24092": 1773420121.0918198, "2297490495-24148": 1773591302.209701, "1281025780-127454": 1773598963.9123785, "2297490495-24216": 1773681179.3156538, "1281025780-127518": 1773681179.8793414, "2213133113-10": 1773753231.5852013, "1281025780-127582": 1773758111.8278484, "1281025780-127598": 1773765955.6967041, "2297490495-24326": 1773866734.9861906, "2297490495-24329": 1773910546.8468163}}