{"messages": {"1281025780-128354": 1774977397.8203442, "2213133113-10": 1775571538.4357934}}