{"messages": {"2297490495-18804": 1765376927.235424, "2297490495-18802": 1765376927.503955, "1281025780-121318": 1765376928.231852, "2297490495-18917": 1765478559.1506815, "2297490495-18916": 1765478559.427833, "2297490495-18915": 1765478559.6880906, "2297490495-18914": 1765478559.9388578, "2297490495-18960": 1765707566.6391811, "2297490495-18982": 1765715390.3592637, "1281025780-121515": 1765715390.7975557, "1281025780-121527": 1765720814.2800124, "2297490495-19060": 1765795033.919597, "2213133113-10": 1765870622.0756984, "2297490495-19106": 1765873016.9753375, "2297490495-19119": 1765881195.238506, "2297490495-19117": 1765881195.4297078, "1281025780-121653": 1765881195.9766955, "2297490495-19149": 1765893711.3660305, "1281025780-121687": 1765893711.9276316, "1281025780-121684": 1765893712.1603162, "1281025780-121672": 1765893712.3888671, "2213133113-50": 1765915890.019058, "2213133113-1937": 1765972166.2212117, "1281025780-121767": 1765973884.7551482}}