{"messages": {"2297490495-4345": 1745933871.6115406, "1281025780-106889": 1745933872.1264353, "1281025780-106882": 1745933872.2792766, "2213133113-50": 1745934824.5839505, "2213133113-23": 1745934824.745249, "2213133113-13": 1745934824.9216058, "2213133113-10": 1745934825.082998, "2213133113-3": 1745934825.2636313, "1281025780-106904": 1745939824.6107056, "1281025780-106900": 1745939824.832097, "2297490495-4617": 1745953822.1934195, "2297490495-4616": 1745953822.3940341, "2297490495-4610": 1745953822.5755403, "2297490495-4650": 1746169952.112166, "1281025780-106967": 1746206364.5343869, "2297490495-4695": 1746336360.0473657, "1281025780-106978": 1746336360.7145412, "2297490495-4697": 1746343326.6991076, "1281025780-106985": 1746350692.4465954, "1281025780-106980": 1746350692.6224408, "1281025780-107021": 1746363839.2311492, "1281025780-107017": 1746363839.4264991, "1281025780-107036": 1746372295.7790425, "1281025780-107049": 1746422351.3469815, "2297490495-4741": 1746437335.3226848, "1281025780-107068": 1746437335.8716397, "1281025780-107093": 1746451669.9748423, "2297490495-4777": 1746508202.0159843, "1281025780-107145": 1746523048.047032, "1281025780-107144": 1746523048.3527362, "2297490495-4799": 1746530574.6888843, "1281025780-107174": 1746530575.242716, "1281025780-107169": 1746530575.4217625, "1281025780-107167": 1746530575.6105335, "2297490495-4820": 1746538395.6060026, "2297490495-4811": 1746538395.8509457, "1281025780-107202": 1746538396.497987, "1281025780-107196": 1746538396.7188835}}