{"messages": {"2297490495-23338": 1772100196.4194148, "1281025780-126678": 1772109671.5545254, "1281025780-126690": 1772117823.58699, "1281025780-126827": 1772519412.118268, "2213133113-10": 1772538595.7517605, "2297490495-23567": 1772548246.0284467, "1281025780-126889": 1772548246.563368, "2297490495-23648": 1772612730.247123, "2297490495-23647": 1772612730.4143245, "2297490495-23622": 1772612730.5677755, "2297490495-23709": 1772655791.4113595}}