{"messages": {"2297490495-6621": 1749122343.755707, "2297490495-6620": 1749122343.9798887, "1281025780-109243": 1749122344.6144013, "1281025780-109241": 1749122344.9733691, "1281025780-109233": 1749122345.2737985, "1281025780-109251": 1749129895.5608594, "2297490495-6702": 1749136357.3973188, "1281025780-109263": 1749136358.0411873, "1281025780-109299": 1749366812.568513, "2297490495-6759": 1749374402.6029944, "1281025780-109303": 1749374403.0866923, "1281025780-109343": 1749387846.7688622, "1281025780-109337": 1749387846.9526932, "1281025780-109360": 1749403407.2360668, "1281025780-109369": 1749447020.979194, "1281025780-109391": 1749467915.315017, "1281025780-109425": 1749475524.4756126, "1281025780-109446": 1749482211.9995117, "1281025780-109442": 1749482212.218277, "2297490495-6813": 1749490016.7930982, "2297490495-6835": 1749496046.1311808, "1281025780-109469": 1749532919.4174776, "2213133113-1869": 1749534800.7129974, "2213133113-1868": 1749534800.866936, "2213133113-1866": 1749534801.0165875, "2213133113-1864": 1749534801.1811159, "2213133113-1863": 1749534801.3486588, "1281025780-109491": 1749547493.7864728, "2213133113-50": 1749568803.0917807, "2213133113-23": 1749568803.2672684, "2213133113-13": 1749568803.4644082, "2213133113-10": 1749568803.635635, "2213133113-3": 1749568803.8491511, "2297490495-6901": 1749634234.1099813, "2297490495-6899": 1749634234.3349195, "1281025780-109584": 1749634234.8785636, "1281025780-109572": 1749634235.1167898, "1281025780-109568": 1749634235.329964, "2297490495-6922": 1749647210.4675963, "2297490495-6927": 1749655768.0541441, "1281025780-109626": 1749655768.930578, "1281025780-109625": 1749655769.1343567, "2297490495-6932": 1749662212.1896617, "1281025780-109637": 1749662212.8764298, "1281025780-109654": 1749705122.170136, "2213133113-1859": 1749716712.1503546, "2213133113-1858": 1749716712.3294587, "2213133113-1857": 1749716712.506539, "2213133113-1856": 1749716712.6705003, "2213133113-1855": 1749716712.8516815, "2213133113-1853": 1749716713.0861413, "2213133113-1850": 1749716713.3096354, "2213133113-1849": 1749716713.503912, "2297490495-6974": 1749719469.5765543, "1281025780-109677": 1749719470.3231337, "1281025780-109675": 1749719470.5873618, "1281025780-109666": 1749719470.7781646}}