{"messages": {"2297490495-18725": 1765297680.496144, "2297490495-18720": 1765297680.7189558, "2297490495-18719": 1765297680.9485934, "2297490495-18718": 1765297681.21058, "1281025780-121239": 1765304783.3461318, "2213133113-50": 1765309906.707238, "1281025780-121253": 1765349189.9001534, "2297490495-18758": 1765354447.8563764, "1281025780-121260": 1765362000.0622344, "2213133113-1937": 1765366964.881997, "2297490495-18804": 1765376927.235424, "2297490495-18802": 1765376927.503955, "1281025780-121318": 1765376928.231852, "2297490495-18917": 1765478559.1506815, "2297490495-18916": 1765478559.427833, "2297490495-18915": 1765478559.6880906, "2297490495-18914": 1765478559.9388578, "2297490495-18960": 1765707566.6391811, "2297490495-18982": 1765715390.3592637, "1281025780-121515": 1765715390.7975557, "1281025780-121527": 1765720814.2800124, "2297490495-19060": 1765795033.919597, "2213133113-10": 1765870622.0756984, "2297490495-19106": 1765873016.9753375, "2297490495-19119": 1765881195.238506, "2297490495-19117": 1765881195.4297078, "1281025780-121653": 1765881195.9766955, "2297490495-19149": 1765893711.3660305, "1281025780-121687": 1765893711.9276316, "1281025780-121684": 1765893712.1603162, "1281025780-121672": 1765893712.3888671}}