{"messages": {"2297490495-30014": 1783941567.8409822, "2297490495-30025": 1783949546.7004037, "2213133113-10": 1784094957.1274185}}