{"messages": {"1281025780-109853": 1750151596.2650468, "2297490495-8219": 1750173938.0413756, "1281025780-109899": 1750173938.7553017, "2213133113-50": 1750173939.7038822, "2213133113-23": 1750173940.040859, "2213133113-13": 1750173940.2584481, "2213133113-10": 1750173940.4643126, "2213133113-3": 1750173940.6995916, "1281025780-109916": 1750224235.0774262, "1281025780-109914": 1750224235.2318892, "1281025780-109912": 1750224235.3880043, "2297490495-8236": 1750239074.0635936, "2297490495-8235": 1750239074.4082673, "1281025780-109948": 1750252927.8434896, "1281025780-109943": 1750252928.1041634, "2297490495-8257": 1750259902.8033867, "2213133113-1859": 1750322153.9836502, "2213133113-1858": 1750322154.2296376, "2213133113-1857": 1750322154.4433153, "2213133113-1856": 1750322154.9051466, "2213133113-1855": 1750322155.182947, "2213133113-1853": 1750322155.3828475, "2213133113-1850": 1750322155.530987, "2213133113-1849": 1750322155.683758, "2297490495-8302": 1750325116.1191285, "2297490495-8317": 1750340138.69998, "1281025780-110001": 1750340139.546077, "1281025780-110000": 1750340139.7456017, "1281025780-109999": 1750340139.9496474, "2297490495-8322": 1750360267.147931, "1281025780-110032": 1750426289.9489412, "2297490495-8355": 1750570012.9939008, "2297490495-8342": 1750570013.1566365, "2297490495-8376": 1750584398.1633298, "2297490495-8374": 1750584398.333851, "1281025780-110047": 1750584398.7787688, "1281025780-110064": 1750590661.4792223, "2297490495-8397": 1750597540.8323674, "2297490495-8396": 1750597540.9998012, "1281025780-110083": 1750597541.4639673, "2297490495-8401": 1750605571.9124963, "2297490495-8400": 1750605572.0967293, "1281025780-110105": 1750605572.538933, "1281025780-110104": 1750605572.6847146, "1281025780-110103": 1750605572.8344846, "1281025780-110112": 1750612184.1802433, "2213133113-1880": 1750659299.8552506, "2213133113-1879": 1750659300.0228477, "2213133113-1878": 1750659300.2027893, "2297490495-8417": 1750662651.4515374, "1281025780-110133": 1750677143.0787735, "1281025780-110164": 1750699260.6828828, "1281025780-110161": 1750699260.9921124, "2297490495-8452": 1750742771.5541482, "1281025780-110183": 1750742772.032159, "1281025780-110177": 1750742772.1919088, "2213133113-1869": 1750744693.8802328, "2213133113-1868": 1750744694.0480912, "2213133113-1866": 1750744694.2225466, "2213133113-1864": 1750744694.483365, "2213133113-1863": 1750744694.6674597}}