{"messages": {"2213133113-1915": 1762088641.2203023, "2213133113-1913": 1762088641.4561791, "2213133113-1910": 1762088641.6942453, "2213133113-1909": 1762088641.9696305, "2213133113-1904": 1762088642.287437, "2213133113-1902": 1762088642.6073742, "2213133113-1899": 1762088642.9455981, "2297490495-16213": 1762107596.2309368, "1281025780-118454": 1762107597.2524645, "1281025780-118443": 1762107597.5267208, "1281025780-118423": 1762107597.773509, "1281025780-118403": 1762107598.0978944, "1281025780-118466": 1762152196.4240353, "1281025780-118465": 1762152196.6571264, "2297490495-16286": 1762173488.547109, "1281025780-118502": 1762173489.2837641, "2297490495-16296": 1762179756.621164, "1281025780-118538": 1762179757.1987712, "1281025780-118520": 1762179757.387379, "2297490495-16305": 1762186779.9317226, "1281025780-118542": 1762186780.6832385, "2297490495-16351": 1762194080.4598145, "2297490495-16350": 1762194080.7064843, "2297490495-16327": 1762194080.939609, "2297490495-16321": 1762194081.287231, "2297490495-16320": 1762194081.4904852, "2213133113-10": 1762238087.19875, "2297490495-16399": 1762252231.2249432, "2297490495-16392": 1762252231.437077, "2297490495-16380": 1762252231.6444666, "1281025780-118594": 1762252232.1866589, "1281025780-118589": 1762252232.3870316, "1281025780-118623": 1762265418.1284232, "1281025780-118656": 1762273098.48846, "2297490495-16460": 1762280189.7731304, "2213133113-50": 1762284074.6826177, "2297490495-16469": 1762288123.4922261, "2297490495-16489": 1762337542.5534043, "2297490495-16488": 1762337542.7726183, "2297490495-16487": 1762337542.9781866, "2297490495-16486": 1762337543.222775, "2297490495-16485": 1762337543.4056754, "2297490495-16484": 1762337543.6277308, "2213133113-1937": 1762341356.0733361, "2297490495-16511": 1762346844.0910232, "2297490495-16520": 1762353032.2608845, "2297490495-16535": 1762360558.5370593, "1281025780-118744": 1762360559.103095, "2297490495-16537": 1762366519.7408998, "2213133113-1926": 1762414895.414123, "2213133113-1925": 1762414895.7934847, "2213133113-1923": 1762414896.0563664, "2213133113-1921": 1762414896.3325098, "2213133113-1920": 1762414896.5666947, "2213133113-1917": 1762414896.7982152, "2297490495-16569": 1762417375.6243334, "2297490495-16568": 1762417375.8117785, "2297490495-16567": 1762417375.9927928, "2297490495-16566": 1762417376.1747074, "2297490495-16565": 1762417376.361526, "2297490495-16577": 1762425121.3375123, "2297490495-16596": 1762432680.5036829, "2297490495-16594": 1762432680.6965454, "2297490495-16593": 1762432680.9095066, "2297490495-16592": 1762432681.1324544, "1281025780-118806": 1762432681.6633484, "1281025780-118796": 1762432681.853465, "2297490495-16610": 1762439288.890971, "1281025780-118819": 1762447038.9442213}}