{"messages": {"1281025780-110799": 1751461659.7116418, "2297490495-8838": 1751484180.4730716, "1281025780-110839": 1751527539.4490898, "2213133113-1859": 1751532417.959791, "2213133113-1858": 1751532418.137454, "2213133113-1857": 1751532418.2986767, "2213133113-1856": 1751532418.476826, "2213133113-1855": 1751532418.6416104, "2213133113-1853": 1751532418.8052394, "2213133113-1850": 1751532418.9811225, "2213133113-1849": 1751532419.1738694, "1281025780-110854": 1751533234.034822, "2297490495-8861": 1751541425.0481439, "1281025780-110873": 1751541425.5863469, "1281025780-110866": 1751541425.7708826, "2297490495-8870": 1751549244.29344, "1281025780-110891": 1751549244.7944512, "1281025780-110913": 1751555707.4127386, "1281025780-110910": 1751555707.6950698, "1281025780-110909": 1751555707.9588537, "1281025780-110899": 1751555708.183091, "1281025780-110977": 1751794003.4691956, "2213133113-1915": 1751797181.2269547, "2213133113-1913": 1751797181.3932006, "2213133113-1912": 1751797181.5995622, "2213133113-1910": 1751797181.7683592, "2213133113-1909": 1751797181.9125504, "2213133113-1905": 1751797182.1118445, "2213133113-1904": 1751797182.342268, "2213133113-1903": 1751797182.5714002, "2213133113-1902": 1751797182.7939253, "2213133113-1901": 1751797183.0050266, "2213133113-1899": 1751797183.1959634, "2297490495-8932": 1751807725.2331402, "2297490495-8931": 1751807725.4785671, "1281025780-111016": 1751807725.9977047, "2213133113-1880": 1751870069.7348168, "2213133113-1879": 1751870069.9001598, "2213133113-1878": 1751870070.0601974, "2297490495-8969": 1751886775.316014, "2297490495-8968": 1751886775.512208, "2297490495-8967": 1751886775.6937585, "1281025780-111081": 1751886776.2022567, "1281025780-111077": 1751886776.376551, "2297490495-8976": 1751901550.4054563, "1281025780-111103": 1751901550.9024692, "1281025780-111094": 1751901551.0951571, "2297490495-8997": 1751916099.2850478, "1281025780-111129": 1751952598.420339, "2213133113-1869": 1751956857.5242631, "2213133113-1868": 1751956857.7069206, "2213133113-1866": 1751956857.9423084, "2213133113-1864": 1751956858.1301239, "2213133113-1863": 1751956858.334995, "2297490495-9030": 1751959676.5411947, "2297490495-9024": 1751959676.7081544, "2297490495-9109": 1751966782.5821848, "2297490495-9099": 1751966782.7534292, "2297490495-9092": 1751966782.987648, "2297490495-9086": 1751966783.1583805, "2297490495-9033": 1751966783.3320537, "1281025780-111148": 1751966783.811568, "1281025780-111146": 1751966783.9881546, "2297490495-9117": 1751972948.1510458, "2297490495-9113": 1751972948.3658617, "1281025780-111171": 1751972949.3570027, "1281025780-111161": 1751972949.7619555, "2213133113-1895": 1751974145.5139594, "1281025780-111185": 1751981147.3826468, "1281025780-111181": 1751981147.56689, "1281025780-111180": 1751981147.729513, "1281025780-111179": 1751981147.9111001, "2297490495-9146": 1751988156.413958, "1281025780-111215": 1751988157.3384523, "2213133113-50": 1751990116.9872017, "2213133113-1891": 1752046076.3560693, "2213133113-1888": 1752046076.5381782, "2213133113-1887": 1752046076.7339737, "2297490495-9196": 1752059571.3252935, "2297490495-9191": 1752059571.5381982, "2297490495-9190": 1752059571.724796, "1281025780-111259": 1752059572.2307909}}