{"messages": {"2297490495-26707": 1778072888.7378917, "1281025780-129572": 1778081587.38168, "1281025780-129592": 1778087280.123107, "1281025780-129591": 1778087280.2862725, "2297490495-26847": 1778407153.1485612, "1281025780-129703": 1778407153.8838522, "1281025780-129794": 1778509266.9558582, "1281025780-129866": 1778585444.7915075, "1281025780-129865": 1778585444.950282, "1281025780-129912": 1778601462.5278893, "1281025780-129903": 1778601462.7133033, "2213133113-10": 1778616355.5409389}}