{"messages": {"2297490495-28580": 1781107042.178032, "2297490495-28630": 1781182675.2454882, "2297490495-28662": 1781245185.6770475, "1281025780-131485": 1781346344.5104504, "1281025780-131478": 1781346344.695123, "1281025780-131525": 1781435214.2479188, "1281025780-131546": 1781442142.9871094, "1281025780-131591": 1781530707.2744985, "2213133113-10": 1781654476.798089, "2297490495-28866": 1781690446.2763577, "2297490495-28889": 1781704413.1710975}}