{"messages": {"1281025780-104284": 1742400773.9359102, "2297490495-2456": 1742452152.1256676, "2297490495-2401": 1742452152.3428144, "2297490495-2399": 1742452152.5062287, "2297490495-2385": 1742452152.7058775, "2297490495-2384": 1742452152.9838235, "2297490495-2486": 1742465875.3628213, "2297490495-2495": 1742473220.5744524, "1281025780-104336": 1742473221.1858635, "1281025780-104368": 1742480638.934654, "1281025780-104359": 1742480639.1598368, "1281025780-104358": 1742480639.343659, "1281025780-104381": 1742487072.2634547, "2297490495-2546": 1742537599.7963798, "2297490495-2530": 1742537599.985746, "2297490495-2504": 1742537600.1787956, "2297490495-2621": 1742561176.2867365, "2297490495-2620": 1742561176.4869876, "2297490495-2717": 1742653438.452051, "2297490495-2713": 1742653438.6463766, "2297490495-2708": 1742653438.8324168, "2297490495-2690": 1742653439.0107586, "2297490495-2681": 1742653439.2102568, "2297490495-2726": 1742725021.551865, "1281025780-104452": 1742725022.232694, "1281025780-104450": 1742725022.4582484, "1281025780-104441": 1742725022.6741166, "2297490495-2730": 1742733357.0202816, "2297490495-2735": 1742739004.339315, "2297490495-2733": 1742739004.502671, "1281025780-104492": 1742739005.0166667, "1281025780-104490": 1742739005.1835616, "1281025780-104507": 1742746674.1144166, "1281025780-104502": 1742746674.3100467, "2297490495-2739": 1742753765.9307466, "2297490495-2748": 1742804698.6615357, "1281025780-104531": 1742804699.250021, "1281025780-104545": 1742811593.519215, "2213133113-1837": 1742814773.968314, "2297490495-2757": 1742819095.3303378, "2297490495-2753": 1742819095.516035, "2297490495-2752": 1742819095.7373178, "1281025780-104557": 1742819096.479882, "2297490495-2762": 1742826456.430847, "2297490495-2759": 1742826456.6145942, "2297490495-2758": 1742826456.8192313, "1281025780-104585": 1742826457.4253356, "2297490495-2771": 1742833565.3207092, "2297490495-2767": 1742833565.5028055, "2297490495-2766": 1742833565.6849816, "1281025780-104613": 1742833566.21714, "1281025780-104611": 1742833566.4246502, "1281025780-104609": 1742833566.6493838, "1281025780-104608": 1742833566.831741, "2297490495-2776": 1742847078.605734, "2297490495-2780": 1742848215.1506953, "2297490495-2779": 1742848215.4352984, "2297490495-2778": 1742848215.7819607, "2297490495-2782": 1742883507.6041567, "2297490495-2797": 1742898148.319041, "2297490495-2795": 1742898148.5236886, "1281025780-104661": 1742898149.168098, "2297490495-2801": 1742905894.4618225, "1281025780-104669": 1742905895.23164, "2213133113-50": 1742907895.6596415, "2213133113-23": 1742907895.9238694, "2213133113-13": 1742907896.2047594, "2213133113-10": 1742907896.5152864, "2213133113-3": 1742907896.802722, "2297490495-2825": 1742912856.9101746, "2297490495-2818": 1742912857.1077769, "2297490495-2814": 1742912857.2926393, "1281025780-104704": 1742912857.8780334, "2297490495-2853": 1742919964.943827, "2297490495-2846": 1742919965.2420454, "2297490495-2842": 1742919965.454967, "2297490495-2841": 1742919965.6904433, "1281025780-104720": 1742919966.485141, "1281025780-104730": 1742926532.5306013, "2297490495-2950": 1742933547.3352263, "2297490495-2949": 1742933547.5936184, "2297490495-2947": 1742933547.8450234, "2297490495-2938": 1742933548.1554065, "2297490495-2960": 1742969655.5203195, "2297490495-2972": 1742977408.398162, "1281025780-104738": 1742977408.9509926, "2297490495-2981": 1742991483.5610375}}