{"messages": {"1281025780-122029": 1766421055.343271, "2213133113-10": 1766476087.0672061, "2297490495-19569": 1766485035.2278657, "1281025780-122083": 1766485035.7244985, "1281025780-122138": 1766507874.82327, "2297490495-19613": 1766515291.279997, "2213133113-50": 1766520816.3236234, "2213133113-1937": 1766577383.5832543, "2297490495-19673": 1766593046.1901236, "1281025780-122236": 1766600950.5178192, "1281025780-122282": 1766672877.233039, "1281025780-122268": 1766672877.4610946, "1281025780-122380": 1766853094.4683666, "1281025780-122416": 1766924450.0366378, "1281025780-122441": 1766939637.9934437, "1281025780-122438": 1766939638.17885, "1281025780-122433": 1766939638.3619268}}