{"messages": {"1281025780-124102": 1768839706.8927782, "1281025780-124101": 1768839707.1442926, "2213133113-10": 1768898890.2884097, "2297490495-21030": 1768918951.3401327, "2297490495-21053": 1768927676.1569831, "1281025780-124204": 1768927676.643268, "1281025780-124190": 1768927676.8081393, "1281025780-124189": 1768927676.9849136, "2213133113-50": 1768944585.6756268, "2297490495-21075": 1768984707.0248258, "2297490495-21102": 1768998638.5786371, "2297490495-21098": 1768998638.7608593, "2213133113-1937": 1769002117.1086166, "2297490495-21143": 1769064605.9702184, "1281025780-124269": 1769064606.4874783, "1281025780-124266": 1769064606.7544267, "1281025780-124260": 1769064606.9805412, "1281025780-124243": 1769064607.1515744, "1281025780-124304": 1769071452.2270267, "2297490495-21178": 1769086234.1695487, "2297490495-21171": 1769086234.3390825, "2297490495-21170": 1769086234.5150237, "2297490495-21165": 1769086234.7005596, "1281025780-124409": 1769150206.6478357, "1281025780-124407": 1769150206.8354104, "1281025780-124405": 1769150207.0364337, "2297490495-21229": 1769163510.3653555, "2297490495-21235": 1769322978.1000712, "2297490495-21252": 1769336596.0775957, "2297490495-21292": 1769351252.3183608, "1281025780-124530": 1769358753.7176073}}