{"messages": {"2297490495-29435": 1782912010.2084548, "1281025780-132415": 1782988539.1044436, "1281025780-132452": 1783011045.3262973, "1281025780-132449": 1783011045.5516636, "2297490495-29653": 1783245533.2818165, "1281025780-132494": 1783245534.1425326, "1281025780-132537": 1783271494.0528057, "2297490495-29691": 1783335609.685739, "2297490495-29704": 1783348360.383196, "1281025780-132548": 1783402196.7868502, "2297490495-29762": 1783424295.7743008, "1281025780-132675": 1783432297.7016761, "1281025780-132700": 1783448756.3940675, "2213133113-10": 1783482169.60782}}