{"messages": {"1281025780-133221": 1784461313.2522562, "1281025780-133262": 1784533940.9108443, "1281025780-133294": 1784552233.3901472, "1281025780-133353": 1784633384.7977462, "2297490495-30381": 1784646619.4714293, "2213133113-10": 1784700840.6198146}}