{"messages": {"2297490495-2801": 1742905894.4618225, "1281025780-104669": 1742905895.23164, "2213133113-50": 1742907895.6596415, "2213133113-23": 1742907895.9238694, "2213133113-13": 1742907896.2047594, "2213133113-10": 1742907896.5152864, "2213133113-3": 1742907896.802722, "2297490495-2825": 1742912856.9101746, "2297490495-2818": 1742912857.1077769, "2297490495-2814": 1742912857.2926393, "1281025780-104704": 1742912857.8780334, "2297490495-2853": 1742919964.943827, "2297490495-2846": 1742919965.2420454, "2297490495-2842": 1742919965.454967, "2297490495-2841": 1742919965.6904433, "1281025780-104720": 1742919966.485141, "1281025780-104730": 1742926532.5306013, "2297490495-2950": 1742933547.3352263, "2297490495-2949": 1742933547.5936184, "2297490495-2947": 1742933547.8450234, "2297490495-2938": 1742933548.1554065, "2297490495-2960": 1742969655.5203195, "2297490495-2972": 1742977408.398162, "1281025780-104738": 1742977408.9509926, "2297490495-2981": 1742991483.5610375, "2297490495-3003": 1742999250.0704472, "2297490495-2995": 1742999250.253615, "1281025780-104810": 1742999250.856318, "1281025780-104807": 1742999251.045888, "1281025780-104791": 1742999251.2548702, "2297490495-3005": 1743006488.5103862, "1281025780-104844": 1743055209.6608055, "2297490495-3024": 1743057333.1269786, "2297490495-3023": 1743057333.3484666, "2297490495-3017": 1743057333.6475692, "1281025780-104850": 1743057334.3342066, "2297490495-3035": 1743079829.1909602, "2297490495-3032": 1743079829.4892526, "1281025780-104885": 1743079830.0603817, "1281025780-104883": 1743079830.2428563, "2297490495-3040": 1743084966.729457, "2297490495-3062": 1743106509.8131094, "1281025780-104940": 1743139610.6835914, "2297490495-3086": 1743160859.8273335, "2297490495-3085": 1743160859.9924145, "2297490495-3084": 1743160860.2027853, "2297490495-3083": 1743160860.3714786, "2297490495-3082": 1743160860.5481396, "2297490495-3081": 1743160860.7321565, "2297490495-3080": 1743160860.905538, "2297490495-3079": 1743160861.103084, "2297490495-3078": 1743160861.280744, "2297490495-3077": 1743160861.4686248, "2297490495-3076": 1743160861.634635, "2297490495-3075": 1743160861.8205588, "2297490495-3074": 1743160862.0142906, "2297490495-3094": 1743167695.864106, "2297490495-3117": 1743175587.5305495, "2297490495-3116": 1743175587.832577, "2297490495-3115": 1743175588.0678592, "2297490495-3114": 1743175588.3388875, "2297490495-3113": 1743175588.5704618, "2297490495-3112": 1743175588.7957118, "2297490495-3111": 1743175589.0451941, "2297490495-3110": 1743175589.2983253, "2297490495-3109": 1743175589.5263205, "2297490495-3108": 1743175589.7508738, "2297490495-3107": 1743175589.9619381, "2297490495-3106": 1743175590.19296, "2297490495-3105": 1743175590.442401, "2297490495-3104": 1743175590.6899307, "1281025780-104954": 1743182282.69612, "2297490495-3137": 1743319383.6768959, "2297490495-3135": 1743319383.8919523, "1281025780-104960": 1743319384.424896, "1281025780-104976": 1743326389.821229, "2297490495-3151": 1743333678.8763883, "1281025780-104996": 1743333679.4268568, "1281025780-105023": 1743348080.5745652, "2297490495-3173": 1743405783.6436815, "2297490495-3189": 1743412512.0360255, "2297490495-3188": 1743412512.3116682, "1281025780-105050": 1743412513.0267637, "1281025780-105049": 1743412513.2970612, "1281025780-105061": 1743420132.5136602, "2297490495-3208": 1743434060.4997175, "1281025780-105111": 1743441074.7750468, "2297490495-3223": 1743485193.0726297, "1281025780-105127": 1743485193.731976, "1281025780-105123": 1743485194.0559056, "2297490495-3229": 1743491536.0156114, "2297490495-3228": 1743491536.1899877, "1281025780-105132": 1743491536.6074572, "2297490495-3240": 1743499713.4298007, "2297490495-3238": 1743499713.6562803, "2297490495-3233": 1743499713.8969624, "1281025780-105137": 1743499714.5772493, "2297490495-3241": 1743506138.7318954, "1281025780-105159": 1743506139.6596684, "1281025780-105158": 1743506139.9477525, "1281025780-105157": 1743506140.204181, "1281025780-105156": 1743506140.4572248}}