{"messages": {"2297490495-3722": 1744557473.866707, "2297490495-3731": 1744614843.8663783, "2297490495-3739": 1744621796.793154, "2297490495-3737": 1744621797.1154828, "2297490495-3733": 1744621797.3963516, "1281025780-105982": 1744621798.1181529, "2297490495-3764": 1744637132.1452098, "2297490495-3761": 1744637132.3086784, "2297490495-3752": 1744637132.4947288, "1281025780-105994": 1744637132.9068162, "2297490495-3791": 1744651387.2161448, "2297490495-3788": 1744651387.4875572, "2297490495-3779": 1744651387.7063773, "2297490495-3814": 1744716082.2535067, "1281025780-106058": 1744723470.2333014, "2213133113-50": 1744723470.9071813, "2213133113-23": 1744723471.0768986, "2213133113-13": 1744723471.2782931, "2213133113-10": 1744723471.5066586, "2213133113-3": 1744723471.7735074, "1281025780-106100": 1744795612.6271014, "1281025780-106123": 1744817359.4030228, "1281025780-106122": 1744817359.6211927, "2297490495-3876": 1744823459.3064198, "2297490495-3869": 1744823459.5421767, "2297490495-3859": 1744823459.743719, "1281025780-106132": 1744823460.3339813, "2297490495-3887": 1744881718.5673609, "1281025780-106152": 1744881719.0039043, "1281025780-106145": 1744881719.1729295, "1281025780-106161": 1744888131.6104064, "2297490495-3894": 1744910327.481927, "2297490495-3906": 1745126528.7158341, "2297490495-3905": 1745126528.8707087, "1281025780-106187": 1745126529.3358238, "1281025780-106186": 1745126529.5286114, "2297490495-3909": 1745140034.153023, "1281025780-106200": 1745140034.798619, "1281025780-106219": 1745147243.4202313, "1281025780-106210": 1745147243.579673, "1281025780-106209": 1745147243.7528396, "2297490495-3958": 1745154943.9392757, "2297490495-3951": 1745154944.2235525, "2297490495-3943": 1745154944.5619347, "1281025780-106253": 1745161948.2933, "1281025780-106249": 1745161948.4658253}}