{"messages": {"2297490495-13550": 1757841270.8382537, "1281025780-115631": 1757841271.3364437, "2297490495-13566": 1757848252.9121401, "1281025780-115658": 1757848253.47474, "1281025780-115650": 1757848253.6751223, "2213133113-1915": 1757849755.687008, "2213133113-1913": 1757849755.898193, "2213133113-1912": 1757849756.0748115, "2213133113-1910": 1757849756.2919865, "2213133113-1909": 1757849756.5108376, "2213133113-1905": 1757849756.7345035, "2213133113-1904": 1757849756.9484956, "2213133113-1903": 1757849757.2085223, "2213133113-1902": 1757849757.3817573, "2213133113-1901": 1757849757.6570227, "2213133113-1899": 1757849757.922912, "2297490495-13581": 1757855400.4532287, "2297490495-13574": 1757855400.702051, "1281025780-115671": 1757855401.2518604, "1281025780-115670": 1757855401.463031, "2297490495-13590": 1757862512.0311744, "2297490495-13602": 1757921018.3319373, "2297490495-13615": 1757928201.5973496, "2297490495-13607": 1757928201.802936, "1281025780-115739": 1757928202.306557, "1281025780-115729": 1757928202.4853654, "2213133113-1880": 1757929272.6392186, "2213133113-1879": 1757929272.877661, "2213133113-1878": 1757929273.150209, "2297490495-13626": 1757934528.3039355, "2297490495-13639": 1757941269.3652325, "1281025780-115777": 1757941270.1588502, "2297490495-13650": 1757949501.086041, "1281025780-115799": 1757956026.4392264, "2297490495-13666": 1757963990.5992243, "2297490495-13664": 1757963990.947062, "1281025780-115810": 1758000015.1662507, "1281025780-115806": 1758000015.4164982, "1281025780-115805": 1758000015.639852, "2297490495-13676": 1758007059.9330368, "2297490495-13675": 1758007060.170938, "2297490495-13674": 1758007060.4027588, "2297490495-13712": 1758014934.4374096, "2297490495-13687": 1758014934.6725376, "1281025780-115824": 1758014935.2488592, "1281025780-115822": 1758014935.4567082, "1281025780-115812": 1758014935.6555765, "2297490495-13750": 1758027682.4155588, "2297490495-13741": 1758027682.648622, "2297490495-13739": 1758027682.9052925, "2297490495-13738": 1758027683.168796, "2297490495-13737": 1758027683.4079304, "1281025780-115853": 1758027684.3799605, "2213133113-1895": 1758030547.173836, "1281025780-115872": 1758036320.524052, "1281025780-115890": 1758043011.5390532, "2213133113-50": 1758044686.762535, "2297490495-13796": 1758086630.2511182, "2297490495-13790": 1758086630.5157814, "2213133113-13": 1758087542.1242402, "1281025780-115904": 1758093678.555269, "2297490495-13824": 1758100226.4886749, "2213133113-1891": 1758100227.7207253, "2213133113-1888": 1758100227.9441297, "2213133113-1887": 1758100228.1348238, "1281025780-115923": 1758107553.9479563, "2297490495-13840": 1758114352.2137456, "1281025780-115956": 1758122585.2623022, "2297490495-13867": 1758172677.742236, "1281025780-115977": 1758172678.4265475, "2213133113-1927": 1758177437.4578824, "2213133113-1926": 1758177437.6420298, "2213133113-1925": 1758177437.807467, "2213133113-1923": 1758177437.9647033, "2213133113-1921": 1758177438.1510835, "2213133113-1920": 1758177438.3613029, "2213133113-1917": 1758177438.5476508, "2297490495-13877": 1758179630.463979, "2297490495-13876": 1758179630.6630385, "1281025780-115985": 1758179631.1612723, "1281025780-115991": 1758187176.1158683, "1281025780-115988": 1758187176.27903, "2297490495-13927": 1758194153.8312898, "2297490495-13946": 1758200696.1378236, "2297490495-13944": 1758200696.3427434, "1281025780-116044": 1758200696.8990965, "1281025780-116039": 1758200697.1114316, "1281025780-116036": 1758200697.2891538, "1281025780-116034": 1758200697.4771774, "2297490495-13958": 1758208833.514484, "1281025780-116055": 1758208834.1510968, "1281025780-116050": 1758208834.4086537, "2297490495-13969": 1758216200.2633405, "1281025780-116063": 1758216200.9493902, "2213133113-23": 1758266933.6619482, "1281025780-116087": 1758345737.4352071, "2213133113-10": 1758350116.5158343}}