{"messages": {"2297490495-23648": 1772612730.247123, "2297490495-23647": 1772612730.4143245, "2297490495-23622": 1772612730.5677755, "2297490495-23709": 1772655791.4113595, "2297490495-23864": 1773059223.9704487, "1281025780-127125": 1773067066.906861, "2213133113-10": 1773144129.1935663}}