{"messages": {"2297490495-22998": 1771518616.1501703, "2297490495-23115": 1771841321.662738, "2213133113-10": 1771932263.5162442, "2297490495-23269": 1772026710.9874845, "1281025780-126602": 1772030146.1302323, "1281025780-126622": 1772038090.785838, "1281025780-126632": 1772045047.6674829, "2297490495-23338": 1772100196.4194148}}