{"messages": {"2213133113-1869": 1755589667.4858227, "2213133113-1868": 1755589667.7614672, "2213133113-1866": 1755589667.9572895, "2213133113-1864": 1755589668.1363182, "2213133113-1863": 1755589668.310923, "1281025780-114156": 1755601927.9325569, "1281025780-114180": 1755609393.9444733, "2213133113-1895": 1755609394.6927102, "2297490495-11629": 1755616880.8575437, "1281025780-114198": 1755616881.4218354, "1281025780-114195": 1755616881.6120887, "2213133113-50": 1755624198.013238, "2213133113-1891": 1755677496.2514908, "2213133113-1888": 1755677496.4732943, "2213133113-1887": 1755677496.6861842, "2297490495-11664": 1755695949.5798075, "1281025780-114240": 1755754136.6447964, "2213133113-1927": 1755755116.2907038, "2213133113-1926": 1755755116.4296792, "2213133113-1925": 1755755116.574494, "2213133113-1923": 1755755116.7661312, "2213133113-1921": 1755755116.913588, "2213133113-1920": 1755755117.1191542, "2213133113-1917": 1755755117.2672472, "2297490495-11691": 1755760301.0052207, "2297490495-11700": 1755767612.420627, "2297490495-11698": 1755767612.6031425, "1281025780-114286": 1755767613.1870527, "2213133113-1859": 1755770330.2673392, "2213133113-1858": 1755770330.4884126, "2213133113-1857": 1755770330.7413285, "2213133113-1856": 1755770330.9806108, "2213133113-1855": 1755770331.280294, "2213133113-1853": 1755770331.516143, "2213133113-1850": 1755770331.7553768, "2213133113-1849": 1755770331.9849935, "2297490495-11711": 1755775368.0124667, "2297490495-11705": 1755775368.271848, "2297490495-11704": 1755775368.446725, "1281025780-114305": 1755775368.8806727, "1281025780-114303": 1755775369.049979, "2297490495-11766": 1755796661.4316776, "2297490495-11765": 1755796661.6565888, "2297490495-11737": 1755796661.8265133, "1281025780-114348": 1755868039.4913871, "1281025780-114353": 1755926528.7458258, "1281025780-114378": 1756034317.6450202, "1281025780-114375": 1756034317.8229964, "2213133113-1915": 1756034318.5839381, "2213133113-1913": 1756034318.7722023, "2213133113-1912": 1756034318.954183, "2213133113-1910": 1756034319.1364572, "2213133113-1909": 1756034319.320106, "2213133113-1905": 1756034319.4967606, "2213133113-1904": 1756034319.669382, "2213133113-1903": 1756034319.8438568, "2213133113-1902": 1756034320.054983, "2213133113-1901": 1756034320.267868, "2213133113-1899": 1756034320.4613078, "1281025780-114382": 1756040618.428769, "1281025780-114387": 1756049109.1046948, "1281025780-114439": 1756055420.0446305, "1281025780-114407": 1756055420.3183398, "2213133113-1880": 1756111783.420517, "2213133113-1879": 1756111783.5824502, "2213133113-1878": 1756111783.8004339, "2297490495-11892": 1756121029.089691, "1281025780-114488": 1756127006.2238846, "1281025780-114517": 1756135033.0799398, "1281025780-114512": 1756135033.3314826, "1281025780-114505": 1756135033.5648823, "2297490495-11921": 1756142534.2021315, "2297490495-11920": 1756142534.498566, "2297490495-11919": 1756142534.7095623, "1281025780-114537": 1756184442.337248}}