{"messages": {"2297490495-17678": 1764066838.7935371, "2297490495-17682": 1764075322.9477494, "2213133113-50": 1764099715.875906, "1281025780-120146": 1764139457.5667791, "1281025780-120137": 1764139457.7367992, "1281025780-120124": 1764139457.9028254, "1281025780-120095": 1764139458.0908413, "1281025780-120092": 1764139458.2929938, "1281025780-120211": 1764145642.6702933, "1281025780-120210": 1764145642.8358564, "1281025780-120155": 1764145643.001936, "2213133113-1937": 1764157035.802659, "2297490495-17764": 1764162038.753897, "2297490495-17815": 1764224311.6604352, "1281025780-120269": 1764224312.1318805, "1281025780-120260": 1764224312.289406, "1281025780-120240": 1764224312.45321, "2213133113-1926": 1764230245.5100584, "2213133113-1925": 1764230245.7812078, "2213133113-1923": 1764230246.027203, "2213133113-1921": 1764230246.29448, "2213133113-1920": 1764230246.557993, "2213133113-1917": 1764230246.7879045, "2297490495-17851": 1764239314.5398629, "1281025780-120361": 1764239315.1496458, "2297490495-17879": 1764261056.253442, "2297490495-17878": 1764261056.4488912, "1281025780-120428": 1764311082.7213333, "1281025780-120427": 1764311082.9600813, "1281025780-120391": 1764311083.1878893, "2297490495-17947": 1764507100.6406426, "1281025780-120562": 1764512000.8717241, "2297490495-18068": 1764592700.5964448, "2297490495-18120": 1764607196.02933, "1281025780-120660": 1764607196.6660745, "1281025780-120674": 1764656571.754837, "2213133113-10": 1764660057.6775503, "2297490495-18142": 1764671563.3187222}}