{"messages": {"2213133113-10": 1771932263.5162442, "2297490495-23269": 1772026710.9874845, "1281025780-126602": 1772030146.1302323, "1281025780-126622": 1772038090.785838, "1281025780-126632": 1772045047.6674829, "2297490495-23338": 1772100196.4194148, "1281025780-126678": 1772109671.5545254, "1281025780-126690": 1772117823.58699, "1281025780-126827": 1772519412.118268}}