{"messages": {"2297490495-12330": 1756444820.115285, "2297490495-12361": 1756616407.7574825, "2297490495-12357": 1756616407.9685879, "2297490495-12370": 1756630811.0817423, "1281025780-114763": 1756632248.845167, "2297490495-12382": 1756638593.8690743, "2297490495-12377": 1756638594.113131, "1281025780-114769": 1756638594.7797565, "2213133113-1915": 1756639463.5752501, "2213133113-1913": 1756639463.7489839, "2213133113-1912": 1756639463.9343145, "2213133113-1910": 1756639464.1514845, "2213133113-1909": 1756639464.3096666, "2213133113-1905": 1756639464.490352, "2213133113-1904": 1756639464.6696475, "2213133113-1903": 1756639464.832951, "2213133113-1902": 1756639464.9971073, "2213133113-1901": 1756639465.1725173, "2213133113-1899": 1756639465.3472009, "2297490495-12384": 1756646131.5915792, "1281025780-114793": 1756646132.261541, "1281025780-114790": 1756646132.4848175, "1281025780-114781": 1756646132.7050111, "1281025780-114778": 1756646132.9282959, "2297490495-12405": 1756666735.8472142, "2297490495-12568": 1756703726.4816246, "2297490495-12567": 1756703726.6904943, "2297490495-12566": 1756703726.9240696, "2297490495-12499": 1756703727.1637263, "2297490495-12498": 1756703727.3947406, "1281025780-114811": 1756703728.0354345, "2297490495-12605": 1756711611.3060925, "2297490495-12597": 1756711611.5213165, "2297490495-12595": 1756711611.7424262, "2297490495-12594": 1756711612.028193, "2297490495-12588": 1756711612.3202636, "2297490495-12587": 1756711612.5622444, "2297490495-12586": 1756711612.7833455, "2213133113-1880": 1756717215.4238782, "2213133113-1879": 1756717215.617794, "2213133113-1878": 1756717215.8000834, "2297490495-12763": 1756719123.688043, "2297490495-12762": 1756719123.8708744, "2297490495-12761": 1756719124.0403228, "2297490495-12695": 1756719124.2014546, "2297490495-12694": 1756719124.369065, "1281025780-114823": 1756719124.8745883, "2297490495-12792": 1756733388.7388442, "1281025780-114851": 1756733389.1741529, "1281025780-114874": 1756747348.8095748, "2213133113-1869": 1756799776.868697, "2213133113-1868": 1756799777.0957847, "2213133113-1866": 1756799777.3094757, "2213133113-1864": 1756799777.5450304, "2213133113-1863": 1756799777.7791107, "1281025780-114918": 1756811955.296082, "2297490495-12840": 1756819048.1098242, "1281025780-114936": 1756819048.923197, "2213133113-1895": 1756820573.0204263, "2297490495-12844": 1756826233.723308, "1281025780-114957": 1756826234.3928719, "1281025780-114967": 1756833205.4386322, "2213133113-50": 1756834264.7877903, "2297490495-12859": 1756840569.9816248, "2297490495-12855": 1756840570.2562547, "2213133113-1891": 1756889087.1798522, "2213133113-1888": 1756889087.3589902, "2213133113-1887": 1756889087.51876, "2297490495-12983": 1756891439.6997616, "1281025780-114980": 1756891440.3221977, "1281025780-114979": 1756891440.5581517, "2297490495-12993": 1756898392.940588, "2297490495-12987": 1756898393.2223432, "1281025780-115010": 1756898393.9543867, "2297490495-13005": 1756905264.570055, "2297490495-13004": 1756905264.7466938, "1281025780-115037": 1756905265.198498, "1281025780-115036": 1756905265.3648832, "1281025780-115035": 1756905265.5323002, "2213133113-1927": 1756965547.8113873, "2213133113-1926": 1756965548.185981, "2213133113-1925": 1756965548.4456668, "2213133113-1923": 1756965548.6499815, "2213133113-1921": 1756965548.8536003, "2213133113-1920": 1756965549.0574994, "2213133113-1917": 1756965549.2772858, "2297490495-13047": 1756977681.7672627, "2213133113-1859": 1756981676.642542, "2213133113-1858": 1756981676.848684, "2213133113-1857": 1756981677.0476146, "2213133113-1856": 1756981677.2511501, "2213133113-1855": 1756981677.4769912, "2213133113-1853": 1756981677.6840448, "2213133113-1850": 1756981677.8955889, "2213133113-1849": 1756981678.138936, "2297490495-13061": 1756984540.3082676, "2297490495-13060": 1756984540.4958694, "1281025780-115082": 1756984540.9931307, "1281025780-115076": 1756984541.1521795, "1281025780-115072": 1756984541.3164117, "2297490495-13078": 1756990952.2241585, "1281025780-115089": 1756990952.747709, "1281025780-115087": 1756990952.921108, "1281025780-115086": 1756990953.1121602, "1281025780-115115": 1757005683.5737684, "2297490495-13092": 1757013389.2364469}}