{"messages": {"2297490495-4055": 1745327279.3444438, "2297490495-4054": 1745327279.519867, "1281025780-106416": 1745327279.9909801, "2213133113-50": 1745329103.1159756, "2213133113-23": 1745329103.3488383, "2213133113-13": 1745329103.6207778, "2213133113-10": 1745329103.8685422, "2213133113-3": 1745329104.1499739, "2297490495-4072": 1745334688.1752028, "1281025780-106431": 1745334688.8164747, "1281025780-106433": 1745341812.0432549, "1281025780-106441": 1745386015.875441, "1281025780-106440": 1745386016.0909145, "2297490495-4091": 1745392381.1599524, "2297490495-4090": 1745392381.371272, "2297490495-4103": 1745399780.409791, "2297490495-4101": 1745399780.596615, "1281025780-106468": 1745399781.3191779, "1281025780-106466": 1745399781.5849206, "1281025780-106462": 1745399781.796691, "2297490495-4130": 1745407409.1648488, "2297490495-4129": 1745407409.4006717, "2297490495-4127": 1745407409.6559885, "1281025780-106492": 1745407410.429021, "1281025780-106490": 1745407410.6431441, "2297490495-4159": 1745414824.1614091, "2297490495-4158": 1745414824.3377495, "2297490495-4156": 1745414824.5290523, "2297490495-4189": 1745428472.2357268, "2297490495-4188": 1745428472.4111667, "2297490495-4186": 1745428472.6311793, "1281025780-106536": 1745428473.1224809, "1281025780-106535": 1745428473.2702467, "2297490495-4194": 1745435676.908975, "2297490495-4207": 1745479101.1716468, "2297490495-4203": 1745479101.336044, "2297490495-4202": 1745479101.4753125, "1281025780-106555": 1745479101.9079661, "2297490495-4210": 1745486201.4668047, "2297490495-4219": 1745493758.403297, "2297490495-4218": 1745493758.6376238, "1281025780-106577": 1745493759.3543046, "2297490495-4225": 1745501302.8305018, "2297490495-4224": 1745501303.0073984, "2297490495-4222": 1745501303.1800785, "1281025780-106603": 1745501303.63059, "1281025780-106620": 1745508406.4273946, "2297490495-4241": 1745514487.691042, "2297490495-4237": 1745514487.9160087, "2297490495-4244": 1745558810.4463518, "1281025780-106631": 1745558810.8690984, "2297490495-4248": 1745573242.6703491, "2297490495-4252": 1745586326.5514805, "2297490495-4258": 1745731377.9845629, "2297490495-4265": 1745738003.8070383, "1281025780-106666": 1745744970.2894094, "2297490495-4286": 1745752771.7706833, "2297490495-4282": 1745752772.016807, "1281025780-106686": 1745752772.6314359, "2297490495-4297": 1745781622.417969, "2297490495-4304": 1745825844.1657615, "1281025780-106743": 1745825844.7798579, "1281025780-106756": 1745834830.7444828, "1281025780-106750": 1745834830.9389057, "1281025780-106746": 1745834831.1096332, "2297490495-4314": 1745847009.7782166, "1281025780-106800": 1745847010.475374, "1281025780-106785": 1745847010.6387718, "1281025780-106784": 1745847010.848807, "2297490495-4319": 1745854099.8736866, "1281025780-106824": 1745854100.3796995, "1281025780-106814": 1745854100.558047, "2297490495-4329": 1745918924.630644, "1281025780-106855": 1745918925.0653, "1281025780-106846": 1745918925.217434}}