{"messages": {"2297490495-22064": 1770228072.5607514, "1281025780-125308": 1770285657.9174557, "1281025780-125347": 1770301688.0282886, "1281025780-125344": 1770301688.19869, "2297490495-22123": 1770307311.6212854, "1281025780-125350": 1770307312.172862, "2297490495-22177": 1770546426.7475522, "2297490495-22174": 1770546426.940692, "1281025780-125395": 1770546427.4771926, "1281025780-125384": 1770546427.6584604, "1281025780-125383": 1770546427.8775735, "2297490495-22210": 1770560949.1232493, "1281025780-125440": 1770568245.7009673, "1281025780-125436": 1770568246.0216005, "2297490495-22282": 1770648111.5195677, "1281025780-125529": 1770648112.0251596, "2297490495-22286": 1770658564.8482196, "1281025780-125560": 1770658565.5754707, "1281025780-125588": 1770705460.9370894, "2213133113-10": 1770719786.008568}}