{"messages": {"1281025780-130502": 1779712870.708833, "1281025780-130552": 1779729844.009699, "2213133113-10": 1779830423.949154, "2297490495-27765": 1779878598.0394464, "2297490495-27780": 1779891147.295407, "1281025780-130677": 1779891148.110181, "1281025780-130748": 1779985253.2104158, "2297490495-28026": 1780298287.2027621}}