{"messages": {"2213133113-1880": 1758534647.7264886, "2213133113-1879": 1758534647.9349668, "2213133113-1878": 1758534648.1518207, "1281025780-116208": 1758553969.1505773, "2213133113-1895": 1758635420.9656315, "2213133113-50": 1758650152.2349532, "2213133113-13": 1758692973.8931482, "2213133113-1891": 1758705448.4618502, "2213133113-1888": 1758705448.7171733, "2213133113-1887": 1758705448.9753976, "2213133113-1927": 1758782864.7020376, "2213133113-1926": 1758782864.8767529, "2213133113-1925": 1758782865.0466795, "2213133113-1923": 1758782865.230387, "2213133113-1921": 1758782865.3919632, "2213133113-1920": 1758782865.5629046, "2213133113-1917": 1758782865.723143, "2297490495-14149": 1758785150.0471764, "2297490495-14159": 1758792362.3784885, "1281025780-116242": 1758792362.855373, "1281025780-116241": 1758792363.0123963, "2297490495-14174": 1758798572.7290971, "2297490495-14172": 1758798572.9174411, "1281025780-116266": 1758798573.4115856, "1281025780-116264": 1758798573.588464, "1281025780-116258": 1758798573.762027, "1281025780-116251": 1758798573.9504023, "2297490495-14191": 1758805538.839506, "1281025780-116279": 1758805539.5026264, "1281025780-116300": 1758820139.9024243, "1281025780-116322": 1758864146.635437, "2213133113-23": 1758872117.324345, "1281025780-116327": 1758877964.8599718, "2213133113-10": 1758955616.9345944, "2297490495-14219": 1759043730.3915763, "2297490495-14228": 1759051337.4787397, "1281025780-116367": 1759051337.9858763, "1281025780-116361": 1759051338.1581793, "1281025780-116381": 1759057620.6158934, "2213133113-1915": 1759060017.9466414, "2213133113-1913": 1759060018.1931915, "2213133113-1912": 1759060018.4157984, "2213133113-1910": 1759060018.6672184, "2213133113-1909": 1759060018.9161189, "2213133113-1905": 1759060019.1600158, "2213133113-1904": 1759060019.4532573, "2213133113-1903": 1759060019.789248, "2213133113-1902": 1759060020.0355678, "2213133113-1901": 1759060020.2632318, "2213133113-1899": 1759060020.5228224, "1281025780-116408": 1759072419.7119777}}