{"messages": {"2297490495-8997": 1751916099.2850478, "1281025780-111129": 1751952598.420339, "2213133113-1869": 1751956857.5242631, "2213133113-1868": 1751956857.7069206, "2213133113-1866": 1751956857.9423084, "2213133113-1864": 1751956858.1301239, "2213133113-1863": 1751956858.334995, "2297490495-9030": 1751959676.5411947, "2297490495-9024": 1751959676.7081544, "2297490495-9109": 1751966782.5821848, "2297490495-9099": 1751966782.7534292, "2297490495-9092": 1751966782.987648, "2297490495-9086": 1751966783.1583805, "2297490495-9033": 1751966783.3320537, "1281025780-111148": 1751966783.811568, "1281025780-111146": 1751966783.9881546, "2297490495-9117": 1751972948.1510458, "2297490495-9113": 1751972948.3658617, "1281025780-111171": 1751972949.3570027, "1281025780-111161": 1751972949.7619555, "2213133113-1895": 1751974145.5139594, "1281025780-111185": 1751981147.3826468, "1281025780-111181": 1751981147.56689, "1281025780-111180": 1751981147.729513, "1281025780-111179": 1751981147.9111001, "2297490495-9146": 1751988156.413958, "1281025780-111215": 1751988157.3384523, "2213133113-50": 1751990116.9872017, "2213133113-1891": 1752046076.3560693, "2213133113-1888": 1752046076.5381782, "2213133113-1887": 1752046076.7339737, "2297490495-9196": 1752059571.3252935, "2297490495-9191": 1752059571.5381982, "2297490495-9190": 1752059571.724796, "1281025780-111259": 1752059572.2307909, "2297490495-9207": 1752068248.6416714, "2297490495-9200": 1752068248.8403153, "1281025780-111297": 1752068249.4451215, "1281025780-111289": 1752068249.6501052, "1281025780-111278": 1752068249.819314, "2297490495-9217": 1752074671.6927605, "2297490495-9213": 1752074671.9086204, "1281025780-111323": 1752074672.4735193, "1281025780-111321": 1752074672.676436, "1281025780-111337": 1752081828.3417027, "2213133113-1859": 1752137625.3985438, "2213133113-1858": 1752137625.5637052, "2213133113-1857": 1752137625.7242553, "2213133113-1856": 1752137625.92026, "2213133113-1855": 1752137626.1710038, "2213133113-1853": 1752137626.3866487, "2213133113-1850": 1752137626.5842154, "2213133113-1849": 1752137626.7734458, "1281025780-111352": 1752139320.3076763, "1281025780-111348": 1752139320.5364978, "1281025780-111367": 1752145249.6886756, "1281025780-111364": 1752145249.908858, "2297490495-9261": 1752146722.9985523, "2297490495-9258": 1752146723.18646, "2297490495-9267": 1752153610.6946466, "2297490495-9335": 1752390649.2975314, "2213133113-1915": 1752403126.4846964, "2213133113-1913": 1752403126.667923, "2213133113-1912": 1752403126.8678594, "2213133113-1910": 1752403127.168525, "2213133113-1909": 1752403127.3775613, "2213133113-1905": 1752403127.5373104, "2213133113-1904": 1752403127.7318814, "2213133113-1903": 1752403127.8956552, "2213133113-1902": 1752403128.105262, "2213133113-1901": 1752403128.278875, "2213133113-1899": 1752403128.5195534, "2297490495-9382": 1752412822.975462, "2297490495-9379": 1752412823.2199306, "1281025780-111507": 1752412823.8797753, "1281025780-111490": 1752412824.1307538, "2297490495-9386": 1752419358.562194, "1281025780-111527": 1752419359.1003332, "1281025780-111522": 1752419359.3070915, "1281025780-111518": 1752419359.4722397, "1281025780-111541": 1752470578.7275305, "2213133113-1880": 1752475555.1139812, "2213133113-1879": 1752475555.2959232, "2213133113-1878": 1752475555.474237, "2297490495-9404": 1752477130.0837555, "2297490495-9408": 1752484878.656616, "1281025780-111562": 1752484879.1624284, "1281025780-111560": 1752484879.3592427, "1281025780-111555": 1752484879.5746377, "2297490495-9416": 1752491742.7193344, "2297490495-9432": 1752500503.045366, "1281025780-111618": 1752500503.5497332, "1281025780-111617": 1752500503.7465386, "1281025780-111609": 1752500503.9328232, "1281025780-111608": 1752500504.1887, "1281025780-111589": 1752500504.3660128, "1281025780-111587": 1752500504.5451818, "1281025780-111637": 1752506011.265474, "1281025780-111628": 1752506011.4572928, "1281025780-111624": 1752506011.6460066, "2297490495-9443": 1752513358.0251007, "2297490495-9469": 1752520671.8951182, "2297490495-9468": 1752520672.209718}}