{"messages": {"2297490495-2717": 1742653438.452051, "2297490495-2713": 1742653438.6463766, "2297490495-2708": 1742653438.8324168, "2297490495-2690": 1742653439.0107586, "2297490495-2681": 1742653439.2102568, "2297490495-2726": 1742725021.551865, "1281025780-104452": 1742725022.232694, "1281025780-104450": 1742725022.4582484, "1281025780-104441": 1742725022.6741166, "2297490495-2730": 1742733357.0202816, "2297490495-2735": 1742739004.339315, "2297490495-2733": 1742739004.502671, "1281025780-104492": 1742739005.0166667, "1281025780-104490": 1742739005.1835616, "1281025780-104507": 1742746674.1144166, "1281025780-104502": 1742746674.3100467, "2297490495-2739": 1742753765.9307466, "2297490495-2748": 1742804698.6615357, "1281025780-104531": 1742804699.250021, "1281025780-104545": 1742811593.519215, "2213133113-1837": 1742814773.968314, "2297490495-2757": 1742819095.3303378, "2297490495-2753": 1742819095.516035, "2297490495-2752": 1742819095.7373178, "1281025780-104557": 1742819096.479882, "2297490495-2762": 1742826456.430847, "2297490495-2759": 1742826456.6145942, "2297490495-2758": 1742826456.8192313, "1281025780-104585": 1742826457.4253356, "2297490495-2771": 1742833565.3207092, "2297490495-2767": 1742833565.5028055, "2297490495-2766": 1742833565.6849816, "1281025780-104613": 1742833566.21714, "1281025780-104611": 1742833566.4246502, "1281025780-104609": 1742833566.6493838, "1281025780-104608": 1742833566.831741, "2297490495-2776": 1742847078.605734, "2297490495-2780": 1742848215.1506953, "2297490495-2779": 1742848215.4352984, "2297490495-2778": 1742848215.7819607, "2297490495-2782": 1742883507.6041567, "2297490495-2797": 1742898148.319041, "2297490495-2795": 1742898148.5236886, "1281025780-104661": 1742898149.168098, "2297490495-2801": 1742905894.4618225, "1281025780-104669": 1742905895.23164, "2213133113-50": 1742907895.6596415, "2213133113-23": 1742907895.9238694, "2213133113-13": 1742907896.2047594, "2213133113-10": 1742907896.5152864, "2213133113-3": 1742907896.802722, "2297490495-2825": 1742912856.9101746, "2297490495-2818": 1742912857.1077769, "2297490495-2814": 1742912857.2926393, "1281025780-104704": 1742912857.8780334, "2297490495-2853": 1742919964.943827, "2297490495-2846": 1742919965.2420454, "2297490495-2842": 1742919965.454967, "2297490495-2841": 1742919965.6904433, "1281025780-104720": 1742919966.485141, "1281025780-104730": 1742926532.5306013, "2297490495-2950": 1742933547.3352263, "2297490495-2949": 1742933547.5936184, "2297490495-2947": 1742933547.8450234, "2297490495-2938": 1742933548.1554065, "2297490495-2960": 1742969655.5203195, "2297490495-2972": 1742977408.398162, "1281025780-104738": 1742977408.9509926, "2297490495-2981": 1742991483.5610375, "2297490495-3003": 1742999250.0704472, "2297490495-2995": 1742999250.253615, "1281025780-104810": 1742999250.856318, "1281025780-104807": 1742999251.045888, "1281025780-104791": 1742999251.2548702, "2297490495-3005": 1743006488.5103862, "1281025780-104844": 1743055209.6608055, "2297490495-3024": 1743057333.1269786, "2297490495-3023": 1743057333.3484666, "2297490495-3017": 1743057333.6475692, "1281025780-104850": 1743057334.3342066, "2297490495-3035": 1743079829.1909602, "2297490495-3032": 1743079829.4892526, "1281025780-104885": 1743079830.0603817, "1281025780-104883": 1743079830.2428563, "2297490495-3040": 1743084966.729457, "2297490495-3062": 1743106509.8131094, "1281025780-104940": 1743139610.6835914, "2297490495-3086": 1743160859.8273335, "2297490495-3085": 1743160859.9924145, "2297490495-3084": 1743160860.2027853, "2297490495-3083": 1743160860.3714786, "2297490495-3082": 1743160860.5481396, "2297490495-3081": 1743160860.7321565, "2297490495-3080": 1743160860.905538, "2297490495-3079": 1743160861.103084, "2297490495-3078": 1743160861.280744, "2297490495-3077": 1743160861.4686248, "2297490495-3076": 1743160861.634635, "2297490495-3075": 1743160861.8205588, "2297490495-3074": 1743160862.0142906, "2297490495-3094": 1743167695.864106}}