{"messages": {"2297490495-4225": 1745501302.8305018, "2297490495-4224": 1745501303.0073984, "2297490495-4222": 1745501303.1800785, "1281025780-106603": 1745501303.63059, "1281025780-106620": 1745508406.4273946, "2297490495-4241": 1745514487.691042, "2297490495-4237": 1745514487.9160087, "2297490495-4244": 1745558810.4463518, "1281025780-106631": 1745558810.8690984, "2297490495-4248": 1745573242.6703491, "2297490495-4252": 1745586326.5514805, "2297490495-4258": 1745731377.9845629, "2297490495-4265": 1745738003.8070383, "1281025780-106666": 1745744970.2894094, "2297490495-4286": 1745752771.7706833, "2297490495-4282": 1745752772.016807, "1281025780-106686": 1745752772.6314359, "2297490495-4297": 1745781622.417969, "2297490495-4304": 1745825844.1657615, "1281025780-106743": 1745825844.7798579, "1281025780-106756": 1745834830.7444828, "1281025780-106750": 1745834830.9389057, "1281025780-106746": 1745834831.1096332, "2297490495-4314": 1745847009.7782166, "1281025780-106800": 1745847010.475374, "1281025780-106785": 1745847010.6387718, "1281025780-106784": 1745847010.848807, "2297490495-4319": 1745854099.8736866, "1281025780-106824": 1745854100.3796995, "1281025780-106814": 1745854100.558047, "2297490495-4329": 1745918924.630644, "1281025780-106855": 1745918925.0653, "1281025780-106846": 1745918925.217434, "2297490495-4345": 1745933871.6115406, "1281025780-106889": 1745933872.1264353, "1281025780-106882": 1745933872.2792766, "2213133113-50": 1745934824.5839505, "2213133113-23": 1745934824.745249, "2213133113-13": 1745934824.9216058, "2213133113-10": 1745934825.082998, "2213133113-3": 1745934825.2636313, "1281025780-106904": 1745939824.6107056, "1281025780-106900": 1745939824.832097, "2297490495-4617": 1745953822.1934195, "2297490495-4616": 1745953822.3940341, "2297490495-4610": 1745953822.5755403}}