{"messages": {"2297490495-10975": 1754494166.6314113, "2297490495-10974": 1754494166.8097634, "2297490495-10949": 1754494166.974758, "1281025780-113325": 1754494167.4456258, "2297490495-10981": 1754500346.1627226, "2297490495-10978": 1754500346.4172235, "1281025780-113341": 1754500347.1326303, "1281025780-113340": 1754500347.3699908, "1281025780-113338": 1754500347.5965557, "2297490495-10986": 1754508435.5620313, "1281025780-113351": 1754544581.209564, "2213133113-1927": 1754544581.8557158, "2213133113-1926": 1754544582.0021276, "2213133113-1925": 1754544582.156868, "2213133113-1923": 1754544582.3222919, "2213133113-1921": 1754544582.469399, "2213133113-1920": 1754544582.624444, "2213133113-1917": 1754544582.7729726, "2297490495-10993": 1754550066.2335894, "2213133113-1859": 1754559867.1700408, "2213133113-1858": 1754559867.3852596, "2213133113-1857": 1754559867.5907106, "2213133113-1856": 1754559867.8083613, "2213133113-1855": 1754559868.0165336, "2213133113-1853": 1754559868.23792, "2213133113-1850": 1754559868.4468808, "2213133113-1849": 1754559868.665602, "2297490495-11015": 1754565500.6664536, "2297490495-11011": 1754565500.8629096, "2297490495-11007": 1754565501.0452392, "1281025780-113398": 1754565501.6770802, "1281025780-113410": 1754573060.1469631, "2297490495-11113": 1754637225.625477, "2297490495-11112": 1754637225.8193514, "2297490495-11110": 1754637226.0116885, "2297490495-11100": 1754637226.1828399, "2297490495-11099": 1754637226.3570127, "2297490495-11098": 1754637226.550289, "2297490495-11097": 1754637226.7382822, "2297490495-11096": 1754637226.9295366, "2297490495-11079": 1754637227.0904872, "2297490495-11064": 1754637227.284888, "2297490495-11063": 1754637227.4814553, "2297490495-11048": 1754637227.6665502, "2297490495-11047": 1754637227.8538837, "2297490495-11137": 1754817326.3021467, "2213133113-1915": 1754823567.1918921, "2213133113-1913": 1754823567.4485018, "2213133113-1912": 1754823567.6965072, "2213133113-1910": 1754823567.9301136, "2213133113-1909": 1754823568.1932251, "2213133113-1905": 1754823568.4460945, "2213133113-1904": 1754823568.6693947, "2213133113-1903": 1754823568.9089174, "2213133113-1902": 1754823569.144231, "2213133113-1901": 1754823569.3633356, "2213133113-1899": 1754823569.5880208, "2297490495-11175": 1754896466.1963222, "1281025780-113567": 1754896466.6529431, "2213133113-1880": 1754898845.6381898, "2213133113-1879": 1754898845.8153832, "2213133113-1878": 1754898845.9805357, "2297490495-11197": 1754911534.6399162, "1281025780-113601": 1754911535.1467054, "2297490495-11203": 1754918764.9044855, "1281025780-113626": 1754918765.4230182, "1281025780-113610": 1754918765.6112216, "1281025780-113629": 1754925159.2350128, "2297490495-11223": 1754932775.0137362, "1281025780-113666": 1754932775.518058, "1281025780-113651": 1754932775.7273247, "2297490495-11235": 1754983274.246743, "2297490495-11234": 1754983274.4002013, "2213133113-1869": 1754984359.8863685, "2213133113-1868": 1754984360.1871238, "2213133113-1866": 1754984360.4276662, "2213133113-1864": 1754984360.623936, "2213133113-1863": 1754984360.8331954, "1281025780-113695": 1754989237.5039644, "1281025780-113693": 1754989237.678811, "1281025780-113687": 1754989237.862813, "2297490495-11242": 1754991136.952843, "1281025780-113703": 1754991137.4500427, "1281025780-113715": 1754997085.8264468, "2213133113-1895": 1755002930.895551, "2297490495-11261": 1755005156.3363159, "2297490495-11257": 1755005156.5589054, "1281025780-113744": 1755005157.2164567, "1281025780-113750": 1755012281.2677627, "2297490495-11275": 1755019350.4860778, "2297490495-11274": 1755019350.6768427, "2213133113-50": 1755019351.7782543, "2297490495-11306": 1755070175.2681968, "2213133113-1891": 1755071803.0223858, "2213133113-1888": 1755071803.2221725, "2213133113-1887": 1755071803.398791, "1281025780-113810": 1755077408.947886, "1281025780-113825": 1755083462.3021002, "2297490495-11331": 1755092109.6477084, "2297490495-11326": 1755092109.8762965, "1281025780-113847": 1755092110.4323375}}